Order_ID,Customer_ID,Product_ID,Quantity,Order_Date,Order_Time,Delivery_Date,Delivery_Time,Location,Reason of Buying,Payment Method
1,C037,67,5,24-02-2023,11:48:13 PM,05-03-2023,07:27:10 AM,Bardhaman,Quality,COD
2,C019,41,2,07-11-2023,11:30:18 PM,13-11-2023,07:16:17 AM,Jaipur,Festival,COD
3,C029,67,10,14-07-2023,07:12:03 PM,19-07-2023,05:39:00 PM,Bilaspur,Quality,COD
4,C012,14,5,10-07-2023,04:44:29 AM,19-07-2023,06:33:23 AM,Guwahati,Ad Influence,Online
5,C078,58,2,11-02-2023,07:44:48 PM,18-02-2023,11:08:52 AM,Rajkot,Cashback Offers,COD
6,C040,28,11,20-08-2023,10:11:35 PM,26-08-2023,07:06:46 PM,Sirsa,Brand Trust,Online
7,C009,45,8,08-05-2023,01:45:13 AM,13-05-2023,10:07:17 AM,Nanded,Ad Influence,Online
8,C097,43,10,08-11-2023,07:20:02 PM,14-11-2023,08:44:45 AM,Morena,Festival,Online
9,C044,27,4,20-11-2023,11:39:51 PM,29-08-2023,11:59:54 PM,Rajkot,Brand Trust,COD
10,C099,56,12,26-02-2023,12:17:26 AM,08-03-2023,08:47:43 PM,Ambala,Quality,Online
11,C065,16,4,02-03-2023,08:14:55 PM,03-03-2023,11:19:47 PM,Belgaum,Easy Returns,Online
12,C097,38,3,12-07-2023,08:28:56 AM,20-07-2023,11:34:57 PM,Karnal,Ad Influence,COD
13,C024,20,3,24-02-2023,04:47:16 PM,04-03-2023,02:27:37 AM,Gandhidham,Quality,Online
14,C042,60,1,08-11-2023,03:46:06 AM,15-11-2023,12:08:02 PM,Bilaspur,Festival,Online
15,C069,21,8,26-11-2023,02:52:39 AM,30-08-2023,01:26:45 PM,Pune,Brand Trust,Online
16,C013,20,3,16-02-2023,03:06:11 PM,20-02-2023,10:14:21 PM,Khammam,Quality,Online
17,C056,60,2,04-11-2023,11:31:33 AM,13-11-2023,06:40:13 PM,Kota,Festival,COD
18,C072,23,4,10-12-2023,10:46:15 AM,11-12-2023,12:20:29 AM,Moradabad,Quality,COD
19,C072,62,4,07-03-2023,07:59:48 AM,08-03-2023,03:04:34 AM,Vijayanagaram,Easy Returns,Online
20,C011,52,10,11-02-2023,02:36:57 PM,14-02-2023,01:34:16 AM,Madurai,Cashback Offers,Online
21,C090,32,1,09-02-2023,11:20:52 AM,12-02-2023,11:36:26 AM,Bathinda,Ad Influence,Online
22,C054,43,1,09-11-2023,01:05:28 AM,14-11-2023,09:49:47 AM,Tenali,Festival,Online
23,C041,12,3,05-05-2023,05:28:33 AM,06-05-2023,12:12:24 PM,Ludhiana,Quality,COD
24,C018,42,3,25-07-2023,05:10:42 AM,03-08-2023,07:57:35 AM,Durg,Ad Influence,COD
25,C091,30,3,21-07-2023,10:46:57 AM,24-07-2023,02:28:42 PM,Panipat,Quality,COD
26,C040,6,3,06-03-2023,05:03:06 AM,12-03-2023,06:06:11 AM,Amroha,Easy Returns,Online
27,C063,9,2,22-08-2023,11:16:28 AM,30-08-2023,07:59:12 AM,Raipur,Brand Trust,Online
28,C088,42,3,05-05-2023,03:25:25 AM,10-05-2023,07:55:04 AM,Guwahati,Ad Influence,COD
29,C064,10,5,22-09-2023,01:06:22 AM,01-10-2023,02:29:16 PM,Kollam,Ad Influence,Online
30,C044,23,4,13-01-2023,09:23:33 AM,15-01-2023,01:36:58 PM,Bulandshahr,Quality,Online
31,C029,7,5,28-02-2023,01:13:22 PM,03-03-2023,11:35:49 PM,Nandyal,Easy Returns,COD
32,C065,7,5,04-03-2023,03:36:41 PM,05-03-2023,03:54:10 PM,Pudukkottai,Easy Returns,Online
33,C047,8,3,15-04-2023,01:37:27 AM,25-04-2023,02:13:27 AM,Amroha,Quality,COD
34,C071,17,2,01-10-2023,10:58:15 PM,05-10-2023,05:36:46 AM,Tirupati,Quality,Online
35,C055,7,5,02-03-2023,04:10:26 PM,05-03-2023,03:00:40 PM,Asansol,Easy Returns,Online
36,C029,66,1,04-03-2023,10:28:53 AM,14-03-2023,08:14:49 AM,Delhi,Easy Returns,COD
37,C096,19,5,10-02-2023,11:01:04 AM,15-02-2023,09:19:36 PM,Katni,Cashback Offers,COD
38,C067,37,3,11-11-2023,12:30:28 PM,14-11-2023,12:24:51 PM,Indore,Festival,COD
39,C054,43,2,02-11-2023,07:25:58 PM,04-11-2023,01:28:42 PM,Vellore,Festival,COD
40,C066,48,4,02-11-2023,02:15:10 PM,05-11-2023,04:29:54 AM,Raiganj,Festival,Online
41,C047,54,4,08-06-2023,07:19:50 PM,10-06-2023,02:29:42 PM,Saharsa,Quality,Online
42,C080,35,1,26-02-2023,12:08:38 AM,07-03-2023,05:18:28 PM,Faridabad,Easy Returns,Online
43,C046,49,3,12-02-2023,10:31:16 PM,16-02-2023,02:47:47 AM,Sambalpur,Cashback Offers,Online
44,C006,14,1,17-07-2023,09:57:56 PM,27-07-2023,10:48:09 AM,Bhavnagar,Ad Influence,COD
45,C097,61,5,28-04-2023,02:26:26 PM,29-04-2023,06:16:36 AM,Haldia,Quality,COD
46,C059,22,4,18-04-2023,03:21:11 AM,23-04-2023,08:02:45 AM,Guna,Ad Influence,Online
47,C013,7,13,26-02-2023,01:04:28 PM,28-02-2023,06:00:20 AM,Jaipur,Easy Returns,Online
48,C031,65,4,12-11-2023,08:00:30 PM,16-11-2023,05:31:42 AM,Delhi,Ad Influence,COD
49,C020,43,1,11-11-2023,05:44:30 PM,18-11-2023,01:49:52 PM,Nangloi Jat,Festival,COD
50,C014,41,4,09-11-2023,06:56:33 AM,16-11-2023,10:19:22 AM,Jamalpur,Festival,Online
51,C036,10,1,15-03-2023,09:23:49 AM,19-03-2023,04:46:40 PM,Agartala,Ad Influence,Online
52,C023,9,1,29-11-2023,07:55:22 PM,07-09-2023,04:22:02 AM,Hospet,Brand Trust,COD
53,C045,9,5,20-11-2023,08:25:45 AM,27-08-2023,05:59:31 AM,Kozhikode,Brand Trust,COD
54,C059,30,1,13-04-2023,09:55:01 AM,23-04-2023,02:30:59 PM,Ratlam,Quality,Online
55,C040,5,1,08-02-2023,08:01:07 AM,13-02-2023,07:42:58 AM,Kottayam,Ad Influence,Online
56,C095,58,5,08-02-2023,12:11:48 PM,13-02-2023,06:51:59 PM,Danapur,Cashback Offers,Online
57,C090,35,5,26-02-2023,08:00:15 AM,06-03-2023,12:27:32 PM,Ahmedabad,Easy Returns,Online
58,C077,36,1,06-01-2023,02:51:30 AM,15-01-2023,08:26:18 AM,Amravati,Ad Influence,COD
59,C041,51,5,26-06-2023,03:56:15 AM,28-06-2023,08:10:04 PM,Thiruvananthapuram,Ad Influence,COD
60,C023,5,2,13-12-2023,06:46:45 AM,15-12-2023,01:03:56 PM,Darbhanga,Ad Influence,COD
61,C058,44,2,08-11-2023,10:26:25 PM,10-11-2023,08:08:31 AM,Panihati,Festival,COD
62,C074,6,4,02-03-2023,03:30:51 PM,06-03-2023,11:51:40 PM,Jorhat,Easy Returns,Online
63,C056,42,3,25-06-2023,06:22:38 AM,26-06-2023,03:40:04 PM,Munger,Ad Influence,COD
64,C015,25,1,12-06-2023,02:48:39 AM,15-06-2023,10:05:41 PM,Chittoor,Quality,COD
65,C033,54,2,01-09-2023,01:02:28 PM,11-09-2023,06:33:52 AM,Berhampur,Quality,COD
66,C017,35,5,26-02-2023,09:00:44 PM,27-02-2023,06:25:58 AM,Munger,Easy Returns,COD
67,C047,10,2,06-07-2023,05:28:21 PM,14-07-2023,09:11:01 PM,Thrissur,Ad Influence,Online
68,C050,34,4,25-11-2023,10:43:58 PM,31-08-2023,09:31:14 PM,Ahmedabad,Brand Trust,Online
69,C091,12,4,02-09-2023,07:21:41 PM,08-09-2023,09:30:02 AM,Hyderabad,Quality,Online
70,C037,17,1,28-09-2023,04:21:09 AM,03-10-2023,11:44:33 AM,Vijayanagaram,Quality,COD
71,C013,9,5,20-08-2023,04:32:06 PM,28-08-2023,01:31:32 PM,Karnal,Brand Trust,COD
72,C058,26,3,03-03-2023,03:49:26 PM,12-03-2023,05:34:10 PM,Bally,Easy Returns,Online
73,C057,26,1,03-03-2023,12:52:36 PM,11-03-2023,01:28:36 AM,Farrukhabad,Easy Returns,COD
74,C024,31,3,01-01-2023,08:55:22 PM,07-01-2023,09:02:03 AM,Shivpuri,Ad Influence,Online
75,C009,65,2,06-04-2023,11:10:24 AM,09-04-2023,11:00:34 PM,Bally,Ad Influence,Online
76,C054,4,1,09-11-2023,05:13:11 AM,12-11-2023,12:34:50 AM,Anand,Festival,COD
77,C028,42,3,05-08-2023,01:07:11 AM,13-08-2023,04:20:52 PM,Kanpur,Ad Influence,Online
78,C062,11,2,04-02-2023,01:00:09 PM,08-02-2023,08:31:15 PM,Pallavaram,Cashback Offers,COD
79,C010,40,2,01-06-2023,05:29:30 PM,11-06-2023,07:34:53 AM,Varanasi,Quality,Online
80,C008,39,4,02-01-2023,11:07:02 AM,11-01-2023,02:05:50 AM,Salem,Ad Influence,COD
81,C053,1,5,22-02-2023,06:29:21 PM,03-03-2023,07:09:32 AM,Kalyan-Dombivli,Ad Influence,COD
82,C038,70,3,04-08-2023,10:02:05 PM,05-08-2023,02:08:13 PM,Gwalior,Ad Influence,COD
83,C036,27,4,23-08-2023,07:12:01 PM,02-09-2023,02:44:00 PM,Asansol,Brand Trust,Online
84,C032,47,1,04-03-2023,03:31:50 AM,06-03-2023,07:02:20 AM,Tirupati,Easy Returns,COD
85,C041,26,2,04-03-2023,09:35:20 PM,14-03-2023,02:48:22 PM,Agra,Easy Returns,COD
86,C046,39,4,13-09-2023,11:27:49 AM,22-09-2023,02:09:30 PM,Sirsa,Ad Influence,Online
87,C055,2,5,04-02-2023,01:17:21 PM,11-02-2023,11:06:36 PM,Malda,Cashback Offers,Online
88,C008,15,4,22-12-2023,10:02:31 AM,01-01-2024,12:17:55 PM,Avadi,Quality,COD
89,C060,3,5,12-02-2023,10:56:52 PM,13-02-2023,02:41:41 PM,Aurangabad,Cashback Offers,COD
90,C088,41,3,09-11-2023,08:54:16 PM,18-11-2023,05:48:35 PM,Shahjahanpur,Festival,COD
91,C061,6,2,27-02-2023,01:52:56 PM,05-03-2023,01:23:25 PM,Mahbubnagar,Easy Returns,Online
92,C100,18,5,15-05-2023,12:11:18 AM,25-05-2023,11:17:55 AM,Rohtak,Ad Influence,Online
93,C047,24,4,01-05-2023,05:50:59 PM,03-05-2023,06:35:56 PM,Warangal,Ad Influence,COD
94,C099,69,5,02-03-2023,02:51:08 PM,11-03-2023,08:14:49 AM,Purnia,Easy Returns,Online
95,C039,70,4,29-05-2023,07:54:41 AM,03-06-2023,07:16:33 AM,Narasaraopet,Ad Influence,Online
96,C099,25,3,14-03-2023,03:00:21 PM,23-03-2023,08:56:06 AM,Latur,Quality,COD
97,C041,41,1,03-11-2023,08:11:32 PM,08-11-2023,01:35:25 AM,Bhavnagar,Festival,COD
98,C031,8,1,30-10-2023,03:26:00 PM,01-11-2023,04:34:28 PM,Bulandshahr,Quality,COD
99,C050,38,3,04-11-2023,02:00:46 PM,05-11-2023,03:44:38 PM,Burhanpur,Ad Influence,Online
100,C055,42,5,09-05-2023,05:50:07 AM,17-05-2023,05:30:26 AM,Bhiwani,Ad Influence,Online
101,C064,70,4,19-06-2023,03:56:52 AM,21-06-2023,06:18:37 AM,Belgaum,Ad Influence,Online
102,C081,10,3,28-10-2023,07:34:14 PM,06-11-2023,07:06:35 AM,Ozhukarai,Ad Influence,COD
103,C097,18,3,01-02-2023,12:24:59 PM,08-02-2023,10:51:39 PM,Ichalkaranji,Ad Influence,Online
104,C082,51,3,29-12-2023,01:45:29 AM,05-01-2024,12:15:28 AM,Ahmednagar,Ad Influence,Online
105,C063,36,2,11-02-2023,02:57:36 AM,21-02-2023,01:34:10 AM,Guna,Ad Influence,Online
106,C095,41,2,06-11-2023,05:55:46 PM,08-11-2023,11:00:28 PM,Chinsurah,Festival,Online
107,C041,4,3,06-11-2023,10:18:07 AM,12-11-2023,02:20:21 PM,Gorakhpur,Festival,Online
108,C012,26,4,27-02-2023,09:03:26 AM,05-03-2023,08:03:05 AM,Berhampore,Easy Returns,Online
109,C074,50,5,27-02-2023,03:35:48 PM,01-03-2023,08:38:56 AM,Gandhidham,Easy Returns,COD
110,C075,26,2,04-03-2023,11:23:44 AM,13-03-2023,08:27:31 AM,Kishanganj,Easy Returns,Online
111,C009,8,3,21-06-2023,02:18:57 PM,25-06-2023,09:03:57 PM,Ramgarh,Quality,COD
112,C023,37,3,11-11-2023,06:36:04 AM,14-11-2023,03:50:59 PM,Kochi,Festival,Online
113,C032,1,3,14-11-2023,03:30:30 PM,23-11-2023,04:26:47 AM,Bulandshahr,Ad Influence,COD
114,C009,40,4,03-02-2023,04:03:15 PM,07-02-2023,02:22:48 AM,Kirari Suleman Nagar,Quality,Online
115,C095,57,1,28-04-2023,06:11:22 PM,05-05-2023,11:36:31 AM,Jhansi,Ad Influence,Online
116,C009,4,3,11-11-2023,02:28:05 PM,20-11-2023,05:25:26 AM,Howrah,Festival,Online
117,C033,59,3,20-08-2023,06:50:05 PM,22-08-2023,03:43:01 AM,Loni,Brand Trust,Online
118,C035,62,1,27-02-2023,02:30:59 PM,05-03-2023,10:32:52 AM,Bhavnagar,Easy Returns,Online
119,C010,6,4,04-03-2023,11:02:10 AM,12-03-2023,12:22:18 PM,Fatehpur,Easy Returns,Online
120,C050,61,1,25-12-2023,10:26:37 PM,31-12-2023,09:57:24 AM,Kalyan-Dombivli,Quality,COD
121,C048,33,3,05-02-2023,02:18:55 AM,09-02-2023,07:29:31 AM,Guntur,Cashback Offers,COD
122,C083,24,5,03-10-2023,09:04:23 AM,13-10-2023,03:15:14 AM,Gulbarga,Ad Influence,Online
123,C026,38,1,15-01-2023,12:31:09 AM,25-01-2023,04:58:43 AM,Malegaon,Ad Influence,COD
124,C030,67,4,21-07-2023,08:44:55 AM,23-07-2023,05:23:44 AM,Bhilwara,Quality,Online
125,C020,31,2,19-03-2023,09:12:11 AM,25-03-2023,02:36:11 PM,Kolkata,Ad Influence,COD
126,C040,19,5,04-02-2023,02:28:24 AM,13-02-2023,01:16:38 PM,Dharmavaram,Cashback Offers,COD
127,C051,60,4,02-11-2023,02:04:38 PM,03-11-2023,07:25:01 PM,Delhi,Festival,Online
128,C065,12,3,06-03-2023,04:50:28 PM,13-03-2023,03:11:19 PM,Kochi,Quality,Online
129,C051,67,2,17-02-2023,05:21:30 AM,20-02-2023,08:17:32 AM,Ramgarh,Quality,COD
130,C070,10,5,22-04-2023,01:32:41 PM,27-04-2023,10:01:54 PM,Darbhanga,Ad Influence,COD
131,C078,3,5,04-02-2023,08:30:50 PM,11-02-2023,08:29:03 AM,Satara,Cashback Offers,COD
132,C045,49,4,04-02-2023,11:23:41 PM,13-02-2023,07:55:48 PM,Thoothukudi,Cashback Offers,COD
133,C018,43,5,10-11-2023,03:51:54 PM,16-11-2023,11:22:51 AM,Tiruppur,Festival,COD
134,C036,69,5,05-03-2023,07:12:46 PM,14-03-2023,04:58:29 AM,Malda,Easy Returns,COD
135,C087,30,2,13-12-2023,10:20:09 AM,14-12-2023,03:43:20 PM,Bokaro,Quality,Online
136,C036,56,1,05-09-2023,04:08:59 PM,09-09-2023,10:12:18 PM,Guna,Quality,Online
137,C070,47,2,05-03-2023,04:06:24 PM,11-03-2023,07:29:21 AM,Warangal,Easy Returns,Online
138,C022,57,4,11-03-2023,09:33:56 AM,18-03-2023,06:02:40 AM,Siliguri,Ad Influence,COD
139,C055,54,4,11-05-2023,04:14:45 AM,16-05-2023,06:12:44 PM,Amritsar,Quality,COD
140,C015,47,1,04-03-2023,06:19:35 AM,13-03-2023,09:29:35 PM,Bharatpur,Easy Returns,Online
141,C062,35,4,28-02-2023,03:55:06 AM,10-03-2023,02:31:56 AM,Allahabad,Easy Returns,COD
142,C029,23,2,23-10-2023,02:31:13 AM,27-10-2023,04:24:16 AM,Bharatpur,Quality,Online
143,C087,66,2,28-02-2023,07:37:18 AM,10-03-2023,02:49:54 PM,Ramagundam,Easy Returns,COD
144,C090,51,5,18-01-2023,09:01:03 AM,23-01-2023,03:23:15 AM,Srinagar,Ad Influence,Online
145,C055,59,5,29-08-2023,04:52:56 PM,03-09-2023,01:04:25 PM,Kumbakonam,Brand Trust,Online
146,C030,52,5,13-02-2023,06:23:55 PM,16-02-2023,04:07:37 AM,Vijayawada,Cashback Offers,COD
147,C080,8,4,17-03-2023,07:28:15 PM,23-03-2023,01:51:11 PM,Jodhpur,Quality,COD
148,C046,24,3,05-12-2023,02:09:08 AM,07-12-2023,08:57:38 AM,Gopalpur,Ad Influence,Online
149,C008,5,3,06-10-2023,11:23:09 PM,09-10-2023,08:09:12 PM,Mangalore,Ad Influence,COD
150,C092,27,5,26-08-2023,07:18:17 AM,29-08-2023,04:56:13 PM,Bidar,Brand Trust,COD
151,C051,43,1,03-11-2023,09:42:26 PM,10-11-2023,03:56:02 AM,Jalna,Festival,Online
152,C084,51,2,27-02-2023,10:48:51 AM,05-03-2023,04:39:22 PM,Tiruppur,Ad Influence,COD
153,C094,16,4,04-03-2023,12:15:00 PM,10-03-2023,06:04:43 AM,Rewa,Easy Returns,Online
154,C049,45,5,21-11-2023,11:14:18 PM,25-11-2023,02:04:59 AM,Indore,Ad Influence,Online
155,C023,23,3,01-05-2023,02:46:58 PM,06-05-2023,12:00:30 AM,Sambhal,Quality,COD
156,C030,61,2,09-02-2023,08:20:50 AM,12-02-2023,10:49:14 AM,Ozhukarai,Quality,Online
157,C019,35,3,26-02-2023,12:44:17 PM,06-03-2023,11:35:44 AM,Thiruvananthapuram,Easy Returns,COD
158,C007,35,2,03-03-2023,03:40:17 PM,08-03-2023,02:53:01 AM,Medininagar,Easy Returns,Online
159,C095,43,3,09-11-2023,09:31:39 PM,11-11-2023,04:55:56 AM,Davanagere,Festival,Online
160,C037,36,3,02-06-2023,12:28:57 AM,10-06-2023,07:52:59 AM,Moradabad,Ad Influence,COD
161,C054,58,3,13-02-2023,03:08:06 AM,14-02-2023,11:12:01 PM,Karaikudi,Cashback Offers,COD
162,C050,55,3,27-08-2023,06:14:31 AM,05-09-2023,03:53:45 PM,Barasat,Brand Trust,COD
163,C083,54,4,17-02-2023,07:50:10 PM,25-02-2023,10:20:16 AM,Ujjain,Quality,Online
164,C063,14,5,25-04-2023,02:04:02 AM,27-04-2023,11:49:33 AM,Berhampore,Ad Influence,COD
165,C058,40,5,06-08-2023,01:11:16 PM,10-08-2023,08:37:14 AM,Lucknow,Quality,COD
166,C035,4,3,07-11-2023,11:05:28 PM,10-11-2023,06:12:46 AM,Madanapalle,Festival,COD
167,C019,37,4,04-11-2023,01:26:51 AM,07-11-2023,03:16:27 PM,Nangloi Jat,Festival,COD
168,C092,35,2,04-03-2023,03:36:03 PM,07-03-2023,11:02:42 AM,Bidar,Easy Returns,Online
169,C051,3,2,06-02-2023,10:28:57 AM,16-02-2023,01:26:19 AM,Shivpuri,Cashback Offers,Online
170,C040,32,2,21-03-2023,11:58:13 AM,27-03-2023,05:14:07 AM,Kamarhati,Ad Influence,COD
171,C071,54,3,30-06-2023,11:47:49 AM,08-07-2023,12:27:06 PM,Tiruvottiyur,Quality,COD
172,C070,62,4,03-03-2023,04:40:04 AM,08-03-2023,05:12:47 AM,Patiala,Easy Returns,Online
173,C072,58,2,07-02-2023,11:15:37 PM,13-02-2023,01:51:53 AM,Deoghar,Cashback Offers,COD
174,C048,4,3,03-11-2023,03:39:20 PM,13-11-2023,06:06:46 PM,Malda,Festival,Online
175,C042,31,1,13-10-2023,01:17:47 AM,20-10-2023,07:22:52 AM,Navi Mumbai,Ad Influence,COD
176,C039,17,2,10-03-2023,03:34:46 AM,16-03-2023,05:24:51 PM,Moradabad,Quality,Online
177,C085,62,4,05-03-2023,01:49:12 AM,07-03-2023,02:50:42 PM,Satara,Easy Returns,COD
178,C097,61,1,14-11-2023,11:04:31 PM,16-11-2023,02:14:23 AM,Bhilai,Quality,COD
179,C078,47,3,28-02-2023,03:16:02 PM,10-03-2023,02:31:07 PM,Vijayanagaram,Easy Returns,COD
180,C058,55,2,24-08-2023,04:40:33 PM,27-08-2023,08:45:14 AM,Nellore,Brand Trust,Online
181,C064,10,4,28-08-2023,05:55:22 AM,06-09-2023,04:53:28 AM,Howrah,Ad Influence,Online
182,C070,2,1,08-02-2023,11:21:30 PM,15-02-2023,06:07:33 AM,Chennai,Cashback Offers,COD
183,C082,48,3,09-11-2023,06:11:41 PM,11-11-2023,03:29:26 PM,Bahraich,Festival,COD
184,C027,52,3,11-02-2023,09:34:53 PM,20-02-2023,05:00:29 AM,Dharmavaram,Cashback Offers,COD
185,C068,18,1,07-05-2023,07:10:45 AM,17-05-2023,08:00:43 PM,Raurkela Industrial Township,Ad Influence,COD
186,C048,61,1,09-05-2023,09:09:44 AM,11-05-2023,12:16:23 AM,Kollam,Quality,COD
187,C008,49,5,11-02-2023,09:10:41 PM,16-02-2023,09:34:09 AM,Anantapur,Cashback Offers,COD
188,C067,22,5,18-09-2023,01:38:33 AM,25-09-2023,02:02:12 PM,Serampore,Ad Influence,Online
189,C016,57,1,19-11-2023,05:22:19 PM,22-11-2023,01:21:54 PM,Srikakulam,Ad Influence,COD
190,C096,60,5,09-11-2023,12:33:49 PM,13-11-2023,01:41:24 PM,Darbhanga,Festival,Online
191,C012,24,3,12-10-2023,06:13:06 PM,17-10-2023,08:50:02 AM,Etawah,Ad Influence,COD
192,C060,64,5,20-08-2023,12:28:32 PM,21-08-2023,02:11:18 AM,Vijayanagaram,Brand Trust,COD
193,C038,42,4,16-08-2023,11:44:29 PM,19-08-2023,02:34:02 AM,Nanded,Ad Influence,COD
194,C030,58,4,08-02-2023,11:41:29 AM,09-02-2023,04:54:30 AM,Pondicherry,Cashback Offers,COD
195,C037,67,5,10-04-2023,05:33:53 AM,17-04-2023,07:51:40 AM,Jamalpur,Quality,Online
196,C063,30,2,05-08-2023,09:37:50 AM,13-08-2023,08:58:06 AM,Begusarai,Quality,Online
197,C095,45,2,22-03-2023,06:38:42 PM,26-03-2023,03:30:06 AM,Etawah,Ad Influence,Online
198,C090,24,2,27-08-2023,10:33:37 PM,04-09-2023,01:09:50 AM,Phagwara,Ad Influence,Online
199,C093,70,5,16-08-2023,01:54:30 AM,19-08-2023,04:24:59 PM,Bareilly,Ad Influence,COD
200,C067,23,5,03-01-2023,08:04:16 PM,08-01-2023,11:18:52 PM,Agartala,Quality,Online
201,C004,55,4,24-08-2023,04:40:14 AM,30-08-2023,03:52:28 AM,Dewas,Brand Trust,COD
202,C089,36,5,27-07-2023,08:13:48 AM,01-08-2023,03:02:01 AM,Bhimavaram,Ad Influence,COD
203,C039,9,5,29-08-2023,05:39:00 AM,08-09-2023,10:40:14 PM,Vijayanagaram,Brand Trust,Online
204,C062,10,4,03-07-2023,10:46:43 AM,09-07-2023,06:29:03 AM,Jaipur,Ad Influence,Online
205,C022,46,5,06-07-2023,05:17:21 AM,09-07-2023,11:47:12 AM,Davanagere,Quality,COD
206,C099,68,3,11-02-2023,10:12:16 PM,13-02-2023,12:42:01 PM,Ulhasnagar,Cashback Offers,COD
207,C078,6,2,05-03-2023,01:13:16 AM,07-03-2023,12:15:56 PM,Amravati,Easy Returns,COD
208,C001,18,5,02-04-2023,04:30:47 AM,12-04-2023,07:06:36 AM,Kulti,Ad Influence,COD
209,C071,70,2,22-06-2023,12:44:32 AM,23-06-2023,09:44:32 PM,Hajipur,Ad Influence,COD
210,C095,32,4,10-12-2023,12:46:32 AM,15-12-2023,08:02:35 AM,Aligarh,Ad Influence,COD
211,C043,31,5,22-10-2023,06:14:59 PM,29-10-2023,05:40:03 PM,Orai,Ad Influence,COD
212,C093,7,2,28-02-2023,07:14:40 AM,05-03-2023,08:01:45 PM,Ozhukarai,Easy Returns,Online
213,C022,42,5,14-02-2023,08:26:18 AM,24-02-2023,08:58:11 AM,Dehradun,Ad Influence,COD
214,C099,13,3,01-03-2023,07:49:55 AM,07-03-2023,08:27:25 AM,Durgapur,Easy Returns,COD
215,C098,17,1,21-05-2023,03:54:26 AM,24-05-2023,12:37:34 PM,Katni,Quality,Online
216,C004,23,1,03-10-2023,03:46:35 PM,08-10-2023,08:46:28 PM,Bhatpara,Quality,Online
217,C042,53,4,27-08-2023,03:04:34 AM,30-08-2023,04:42:19 PM,Rajkot,Brand Trust,Online
218,C061,31,4,13-06-2023,10:55:11 PM,16-06-2023,03:06:01 AM,Gurgaon,Ad Influence,COD
219,C027,16,5,05-03-2023,12:36:07 AM,11-03-2023,10:36:05 AM,Bhimavaram,Easy Returns,Online
220,C001,26,3,06-03-2023,12:26:54 PM,15-03-2023,02:41:52 PM,Jalandhar,Easy Returns,Online
221,C076,28,4,21-08-2023,02:11:04 AM,30-08-2023,02:00:35 PM,Naihati,Brand Trust,Online
222,C099,6,5,26-02-2023,05:57:25 AM,07-03-2023,06:20:50 PM,Guntur,Easy Returns,Online
223,C051,49,2,05-02-2023,08:44:25 AM,13-02-2023,10:17:59 AM,Bhalswa Jahangir Pur,Cashback Offers,COD
224,C028,34,1,24-08-2023,09:01:58 PM,29-08-2023,02:06:40 AM,Suryapet,Brand Trust,Online
225,C093,52,5,05-02-2023,12:12:26 PM,06-02-2023,06:01:06 PM,Arrah,Cashback Offers,Online
226,C064,14,2,08-09-2023,08:48:50 AM,12-09-2023,11:20:36 AM,Hospet,Ad Influence,COD
227,C004,24,4,25-12-2023,06:50:42 PM,26-12-2023,02:09:44 PM,Surat,Ad Influence,COD
228,C035,36,1,10-03-2023,06:40:52 PM,11-03-2023,10:30:00 AM,Bijapur,Ad Influence,Online
229,C079,49,3,11-02-2023,08:55:38 PM,20-02-2023,09:32:50 AM,Junagadh,Cashback Offers,Online
230,C053,64,3,27-08-2023,08:27:50 AM,01-09-2023,01:35:49 AM,Mehsana,Brand Trust,COD
231,C093,64,3,24-08-2023,09:15:18 AM,28-08-2023,09:13:01 PM,Proddatur,Brand Trust,COD
232,C044,28,3,22-08-2023,12:06:09 PM,23-08-2023,09:00:02 AM,Nadiad,Brand Trust,Online
233,C098,64,4,26-08-2023,10:15:19 PM,30-08-2023,04:07:39 AM,Nizamabad,Brand Trust,COD
234,C097,42,1,24-03-2023,09:18:12 PM,01-04-2023,12:36:53 AM,Khandwa,Ad Influence,COD
235,C071,56,2,26-02-2023,02:26:46 PM,03-03-2023,11:26:23 PM,Bhilai,Quality,COD
236,C044,23,5,03-09-2023,06:33:52 AM,11-09-2023,02:10:18 AM,Panvel,Quality,Online
237,C024,55,1,26-08-2023,09:23:53 AM,30-08-2023,08:19:20 AM,Sasaram,Brand Trust,COD
238,C083,26,4,05-03-2023,07:56:43 AM,11-03-2023,08:18:17 PM,Jammu,Easy Returns,Online
239,C088,27,3,29-08-2023,08:33:45 AM,06-09-2023,01:23:08 PM,Gurgaon,Brand Trust,Online
240,C074,5,5,25-03-2023,06:03:38 AM,30-03-2023,03:43:28 PM,Darbhanga,Ad Influence,COD
241,C067,20,2,05-09-2023,09:52:16 AM,07-09-2023,08:58:21 AM,Indore,Quality,COD
242,C012,21,1,23-08-2023,10:24:46 AM,31-08-2023,04:02:32 PM,Amroha,Brand Trust,Online
243,C043,3,1,05-02-2023,08:50:37 PM,10-02-2023,12:30:54 PM,Siwan,Cashback Offers,COD
244,C041,65,3,20-03-2023,03:06:01 PM,30-03-2023,07:06:40 AM,Guntakal,Ad Influence,Online
245,C020,50,3,05-03-2023,06:25:26 AM,11-03-2023,09:30:30 AM,Noida,Easy Returns,COD
246,C017,69,5,28-02-2023,11:24:33 PM,08-03-2023,12:38:49 AM,Agra,Easy Returns,Online
247,C052,23,4,11-10-2023,05:58:48 AM,16-10-2023,02:58:46 AM,Gudivada,Quality,COD
248,C044,19,5,08-02-2023,08:43:41 AM,10-02-2023,04:15:01 AM,Alwar,Cashback Offers,COD
249,C003,14,2,10-09-2023,10:22:16 PM,19-09-2023,11:17:36 PM,Bareilly,Ad Influence,Online
250,C086,37,5,08-11-2023,03:07:27 PM,09-11-2023,01:32:06 AM,Korba,Festival,Online
251,C051,7,4,28-02-2023,12:31:48 AM,02-03-2023,12:19:44 AM,Khora ,Easy Returns,Online
252,C040,69,2,26-02-2023,05:41:28 AM,28-02-2023,08:11:16 AM,Nandyal,Easy Returns,Online
253,C010,68,2,12-02-2023,02:24:46 PM,14-02-2023,05:39:27 AM,Bangalore,Cashback Offers,Online
254,C093,1,5,07-07-2023,12:09:44 AM,15-07-2023,05:27:49 AM,Bhilai,Ad Influence,COD
255,C092,45,2,27-12-2023,03:42:35 AM,06-01-2024,09:23:14 AM,Suryapet,Ad Influence,Online
256,C065,4,5,06-11-2023,07:13:49 PM,14-11-2023,06:05:55 PM,Suryapet,Festival,Online
257,C077,21,3,22-08-2023,03:42:59 PM,24-08-2023,10:39:39 PM,Chinsurah,Brand Trust,Online
258,C044,46,5,16-04-2023,05:40:39 AM,20-04-2023,08:05:32 PM,Vijayawada,Quality,Online
259,C001,62,1,05-03-2023,03:21:54 PM,10-03-2023,12:04:01 AM,Sirsa,Easy Returns,COD
260,C100,69,5,06-03-2023,01:06:11 PM,16-03-2023,10:22:30 PM,Satara,Easy Returns,Online
261,C041,37,3,06-11-2023,02:03:50 PM,12-11-2023,08:17:47 PM,Malegaon,Festival,Online
262,C038,49,3,07-02-2023,08:05:16 AM,11-02-2023,01:06:57 AM,Tirunelveli,Cashback Offers,COD
263,C081,57,4,12-03-2023,09:35:10 AM,13-03-2023,03:22:01 PM,Chittoor,Ad Influence,COD
264,C010,52,3,09-02-2023,05:35:19 AM,18-02-2023,03:43:46 PM,Asansol,Cashback Offers,Online
265,C060,58,1,10-02-2023,09:17:18 PM,18-02-2023,06:28:33 AM,Gudivada,Cashback Offers,COD
266,C038,36,1,12-05-2023,01:46:56 PM,13-05-2023,07:20:09 PM,Sonipat,Ad Influence,Online
267,C055,35,3,04-03-2023,01:38:57 PM,12-03-2023,03:52:00 AM,Chandrapur,Easy Returns,COD
268,C053,38,1,14-08-2023,07:45:59 AM,23-08-2023,04:53:30 PM,Katni,Ad Influence,Online
269,C024,36,1,25-10-2023,01:12:12 AM,26-10-2023,05:58:13 PM,Raebareli,Ad Influence,Online
270,C084,21,5,22-08-2023,08:21:29 PM,01-09-2023,04:03:59 PM,Avadi,Brand Trust,Online
271,C039,36,5,23-06-2023,06:27:42 PM,30-06-2023,06:20:05 PM,Patna,Ad Influence,COD
272,C016,12,1,08-04-2023,09:40:05 AM,18-04-2023,08:13:56 PM,Kumbakonam,Quality,COD
273,C047,10,2,22-11-2023,04:12:35 PM,24-11-2023,01:52:48 AM,Moradabad,Ad Influence,Online
274,C078,41,5,02-11-2023,06:37:51 AM,12-11-2023,08:53:36 PM,Raebareli,Festival,COD
275,C028,29,1,02-03-2023,04:13:47 AM,05-03-2023,01:17:39 AM,Ranchi,Easy Returns,Online
276,C065,15,2,28-05-2023,01:34:06 AM,01-06-2023,07:05:33 AM,Muzaffarpur,Quality,COD
277,C062,34,5,23-08-2023,07:16:40 PM,29-08-2023,03:50:18 PM,Bhilai,Brand Trust,Online
278,C044,1,2,20-06-2023,11:33:52 PM,24-06-2023,05:42:44 AM,Ballia,Ad Influence,COD
279,C067,23,4,24-11-2023,09:14:46 AM,26-11-2023,05:51:23 PM,Chinsurah,Quality,Online
280,C003,19,3,07-02-2023,05:44:47 PM,12-02-2023,04:31:05 PM,Mangalore,Cashback Offers,Online
281,C008,15,3,21-09-2023,08:36:47 PM,25-09-2023,10:27:14 AM,Nellore,Quality,Online
282,C092,41,2,11-11-2023,10:20:49 AM,19-11-2023,10:11:40 PM,Mangalore,Festival,Online
283,C086,23,2,23-11-2023,02:51:34 AM,30-11-2023,06:21:40 PM,Erode,Quality,COD
284,C057,17,1,10-08-2023,04:13:04 PM,16-08-2023,11:21:57 AM,Aurangabad,Quality,Online
285,C082,7,5,26-02-2023,05:26:44 PM,01-03-2023,12:52:20 PM,Tirunelveli,Easy Returns,Online
286,C098,50,3,06-03-2023,08:05:40 PM,12-03-2023,02:41:27 AM,Mango,Easy Returns,COD
287,C011,7,5,03-03-2023,04:54:04 AM,06-03-2023,03:39:57 PM,Muzaffarnagar,Easy Returns,COD
288,C035,34,2,21-08-2023,03:58:58 PM,23-08-2023,08:42:36 PM,Ballia,Brand Trust,COD
289,C018,30,4,29-08-2023,11:40:01 PM,06-09-2023,02:50:06 AM,Mumbai,Quality,COD
290,C079,69,3,06-03-2023,10:27:18 AM,10-03-2023,02:33:34 PM,Alwar,Easy Returns,Online
291,C072,49,2,10-02-2023,12:12:40 AM,11-02-2023,10:52:51 PM,Nadiad,Cashback Offers,COD
292,C053,54,1,27-09-2023,10:43:35 PM,03-10-2023,01:44:47 AM,Howrah,Quality,COD
293,C003,1,4,04-09-2023,04:03:47 AM,09-09-2023,06:10:36 PM,Tezpur,Ad Influence,COD
294,C047,26,5,01-03-2023,09:04:18 PM,03-03-2023,07:44:54 PM,Nagpur,Easy Returns,Online
295,C079,18,1,29-05-2023,03:54:09 PM,02-06-2023,10:06:42 AM,Tadepalligudem,Ad Influence,COD
296,C081,70,5,01-04-2023,11:55:14 AM,11-04-2023,07:33:46 PM,Tirunelveli,Ad Influence,Online
297,C047,13,3,28-02-2023,08:15:29 PM,05-03-2023,08:52:27 PM,Phagwara,Easy Returns,COD
298,C057,3,1,11-02-2023,11:06:29 PM,12-02-2023,02:17:43 AM,Bahraich,Cashback Offers,Online
299,C091,8,5,08-11-2023,11:51:21 AM,17-11-2023,01:17:51 PM,Vellore,Quality,Online
300,C032,22,1,29-08-2023,07:20:05 PM,08-09-2023,06:25:16 PM,Tinsukia,Ad Influence,COD
301,C070,6,3,27-02-2023,06:24:22 AM,04-03-2023,04:52:16 PM,Kota,Easy Returns,COD
302,C071,25,4,24-10-2023,01:53:05 PM,25-10-2023,05:13:25 PM,Delhi,Quality,COD
303,C051,14,1,20-11-2023,06:42:57 AM,29-11-2023,07:08:02 AM,Narasaraopet,Ad Influence,Online
304,C088,67,3,12-03-2023,09:24:28 AM,19-03-2023,11:09:37 PM,Tiruchirappalli,Quality,Online
305,C003,26,1,02-03-2023,12:10:44 AM,10-03-2023,02:01:05 PM,Lucknow,Easy Returns,Online
306,C085,49,4,04-02-2023,11:35:51 AM,12-02-2023,06:38:00 AM,Bellary,Cashback Offers,Online
307,C042,3,1,04-02-2023,09:37:54 PM,08-02-2023,11:28:10 AM,Durgapur,Cashback Offers,Online
308,C005,57,1,09-03-2023,07:54:11 AM,12-03-2023,12:11:24 PM,Haldia,Ad Influence,Online
309,C071,60,4,10-11-2023,06:38:43 AM,13-11-2023,05:14:33 AM,Mangalore,Festival,Online
310,C061,38,3,20-08-2023,12:24:22 PM,24-08-2023,03:42:48 PM,Bhalswa Jahangir Pur,Ad Influence,Online
311,C051,39,2,02-09-2023,09:26:47 AM,12-09-2023,05:51:43 PM,Mehsana,Ad Influence,COD
312,C044,9,1,22-08-2023,06:27:36 PM,27-08-2023,06:01:14 AM,Akola,Brand Trust,Online
313,C056,30,2,22-07-2023,07:24:29 PM,26-07-2023,06:06:13 AM,Thane,Quality,COD
314,C029,43,4,05-11-2023,11:48:41 AM,15-11-2023,04:55:25 AM,Patiala,Festival,Online
315,C063,26,5,06-03-2023,02:21:31 PM,09-03-2023,07:20:21 PM,Ambattur,Easy Returns,Online
316,C048,2,5,11-02-2023,09:35:05 PM,15-02-2023,07:21:50 AM,Muzaffarnagar,Cashback Offers,Online
317,C014,29,3,07-03-2023,06:51:27 PM,15-03-2023,04:12:50 PM,Ahmednagar,Easy Returns,COD
318,C038,26,5,07-03-2023,12:15:49 PM,11-03-2023,03:59:47 PM,Hosur,Easy Returns,Online
319,C044,64,1,20-08-2023,06:23:07 AM,26-08-2023,10:44:23 PM,Bikaner,Brand Trust,COD
320,C007,13,1,01-03-2023,07:49:55 AM,08-03-2023,08:38:21 AM,Bijapur,Easy Returns,Online
321,C049,12,5,08-03-2023,11:27:05 AM,17-03-2023,09:51:43 AM,Rampur,Quality,Online
322,C056,15,1,11-04-2023,08:32:11 AM,15-04-2023,03:30:27 AM,Udaipur,Quality,COD
323,C013,23,2,09-02-2023,06:13:04 PM,10-02-2023,10:22:35 AM,Khora ,Quality,COD
324,C073,14,2,02-02-2023,06:47:28 PM,11-02-2023,03:34:54 PM,North Dumdum,Ad Influence,Online
325,C091,27,5,25-08-2023,06:30:45 PM,04-09-2023,08:02:37 PM,Amritsar,Brand Trust,COD
326,C088,34,3,27-08-2023,03:39:05 PM,03-09-2023,03:33:32 PM,Panchkula,Brand Trust,COD
327,C048,51,1,24-09-2023,09:29:05 AM,26-09-2023,08:09:05 PM,Muzaffarnagar,Ad Influence,COD
328,C024,23,3,17-04-2023,05:51:38 PM,22-04-2023,08:59:18 AM,Maheshtala,Quality,COD
329,C095,17,3,26-08-2023,02:22:03 AM,04-09-2023,03:08:52 AM,Nashik,Quality,COD
330,C059,59,2,24-08-2023,08:25:09 PM,01-09-2023,12:26:20 PM,Shahjahanpur,Brand Trust,COD
331,C023,41,5,04-11-2023,09:49:56 PM,05-11-2023,02:13:32 PM,Patna,Festival,Online
332,C052,20,5,11-04-2023,08:14:13 PM,18-04-2023,02:10:44 PM,Khammam,Quality,COD
333,C100,22,5,09-02-2023,06:19:15 AM,10-02-2023,03:46:29 AM,South Dumdum,Ad Influence,COD
334,C066,53,1,28-08-2023,09:19:46 PM,01-09-2023,10:03:03 PM,Patiala,Brand Trust,COD
335,C013,17,2,06-11-2023,02:09:35 AM,08-11-2023,02:23:24 AM,Sri Ganganagar,Quality,Online
336,C069,53,1,20-08-2023,04:32:24 AM,25-08-2023,07:54:17 PM,Tiruchirappalli,Brand Trust,Online
337,C008,24,3,16-05-2023,02:21:12 PM,22-05-2023,08:26:13 PM,Siwan,Ad Influence,COD
338,C087,21,3,20-08-2023,02:15:51 PM,28-08-2023,01:34:07 AM,Panchkula,Brand Trust,Online
339,C083,8,1,20-09-2023,08:07:19 PM,29-09-2023,10:50:19 AM,Sirsa,Quality,COD
340,C076,38,3,14-07-2023,07:53:01 AM,22-07-2023,02:56:01 AM,Davanagere,Ad Influence,Online
341,C028,9,2,20-08-2023,02:54:35 PM,30-08-2023,10:32:13 PM,Ongole,Brand Trust,Online
342,C062,36,5,03-11-2023,04:03:43 AM,08-11-2023,04:26:16 PM,Salem,Ad Influence,Online
343,C006,66,3,06-03-2023,02:12:40 PM,09-03-2023,09:27:05 AM,Parbhani,Easy Returns,COD
344,C020,28,5,29-08-2023,05:06:22 PM,03-09-2023,06:28:07 AM,Tiruvottiyur,Brand Trust,COD
345,C056,45,4,15-09-2023,03:40:42 PM,23-09-2023,11:11:31 PM,Bellary,Ad Influence,Online
346,C090,50,1,04-03-2023,11:24:17 PM,12-03-2023,04:46:34 PM,Pondicherry,Easy Returns,Online
347,C034,34,2,29-08-2023,09:46:21 AM,08-09-2023,08:37:09 AM,Shimoga,Brand Trust,Online
348,C060,30,2,28-11-2023,08:33:37 PM,07-12-2023,12:02:59 PM,Kalyan-Dombivli,Quality,COD
349,C017,44,4,11-11-2023,03:32:37 AM,12-11-2023,10:31:13 AM,Junagadh,Festival,Online
350,C020,19,3,13-02-2023,12:22:57 PM,22-02-2023,04:26:10 PM,Kolkata,Cashback Offers,Online
351,C099,1,1,16-01-2023,03:11:07 PM,25-01-2023,10:29:59 PM,Bhilai,Ad Influence,Online
352,C080,28,1,23-08-2023,11:49:45 PM,02-09-2023,09:14:52 AM,Bellary,Brand Trust,Online
353,C089,55,2,21-08-2023,09:43:27 AM,24-08-2023,02:12:14 PM,Korba,Brand Trust,Online
354,C087,13,5,26-02-2023,05:25:28 PM,06-03-2023,09:43:32 AM,Narasaraopet,Easy Returns,COD
355,C099,10,1,24-12-2023,04:52:44 AM,02-01-2024,09:38:33 AM,Satara,Ad Influence,COD
356,C028,14,1,08-07-2023,12:41:40 AM,09-07-2023,04:31:42 AM,Panvel,Ad Influence,Online
357,C063,62,4,03-03-2023,08:01:18 PM,13-03-2023,08:55:34 PM,Delhi,Easy Returns,COD
358,C040,55,1,20-08-2023,04:53:29 PM,25-08-2023,01:30:37 PM,Secunderabad,Brand Trust,Online
359,C052,47,2,28-02-2023,12:13:36 PM,05-03-2023,08:31:30 PM,Nagpur,Easy Returns,COD
360,C099,41,1,06-11-2023,03:11:57 AM,09-11-2023,05:45:31 PM,Belgaum,Festival,COD
361,C049,47,4,03-03-2023,06:09:56 AM,11-03-2023,08:33:10 AM,Rajkot,Easy Returns,COD
362,C041,31,2,10-03-2023,03:40:01 AM,17-03-2023,10:35:23 AM,Nashik,Ad Influence,COD
363,C022,15,2,27-11-2023,07:01:01 PM,05-12-2023,01:50:36 AM,Bhavnagar,Quality,COD
364,C003,43,3,08-11-2023,06:09:01 AM,09-11-2023,04:37:33 AM,Satara,Festival,COD
365,C028,8,5,01-06-2023,03:31:47 PM,04-06-2023,10:15:29 AM,Agra,Quality,Online
366,C033,3,3,08-02-2023,11:15:47 PM,16-02-2023,10:51:38 AM,Kolkata,Cashback Offers,Online
367,C010,47,5,03-03-2023,12:44:09 AM,12-03-2023,03:05:03 PM,South Dumdum,Easy Returns,Online
368,C042,6,3,04-03-2023,11:03:22 PM,06-03-2023,02:52:10 AM,Nashik,Easy Returns,COD
369,C014,63,3,07-08-2023,07:23:44 AM,15-08-2023,04:28:30 AM,Jammu,Ad Influence,COD
370,C073,54,2,09-07-2023,05:57:39 AM,13-07-2023,07:01:40 PM,Danapur,Quality,Online
371,C090,23,4,15-05-2023,01:27:58 AM,19-05-2023,10:28:47 AM,Davanagere,Quality,Online
372,C006,25,3,08-11-2023,07:04:25 PM,18-11-2023,06:28:46 PM,Kamarhati,Quality,COD
373,C026,65,2,07-06-2023,08:49:11 PM,10-06-2023,11:57:40 PM,North Dumdum,Ad Influence,Online
374,C087,4,1,07-11-2023,07:47:32 AM,09-11-2023,10:32:44 PM,Guna,Festival,COD
375,C091,46,1,11-02-2023,04:16:25 AM,20-02-2023,07:37:38 PM,Mysore,Quality,Online
376,C097,10,2,14-05-2023,08:18:32 PM,19-05-2023,11:48:02 PM,Bulandshahr,Ad Influence,COD
377,C013,55,4,26-08-2023,08:34:06 AM,31-08-2023,11:47:09 AM,Ghaziabad,Brand Trust,Online
378,C040,6,2,01-03-2023,11:30:20 AM,08-03-2023,07:26:52 PM,Hindupur,Easy Returns,Online
379,C078,66,1,03-03-2023,11:31:41 PM,06-03-2023,10:44:03 AM,Bhavnagar,Easy Returns,COD
380,C009,60,4,08-11-2023,01:33:02 PM,15-11-2023,11:40:37 PM,Bidhannagar,Festival,Online
381,C013,25,3,25-01-2023,06:30:03 PM,28-01-2023,06:21:06 AM,Tiruchirappalli,Quality,COD
382,C003,24,1,03-06-2023,10:02:19 AM,13-06-2023,09:53:48 PM,Kamarhati,Ad Influence,COD
383,C016,37,1,06-11-2023,12:16:45 AM,08-11-2023,08:09:52 PM,Panchkula,Festival,Online
384,C004,25,3,11-05-2023,04:57:57 PM,15-05-2023,01:57:13 PM,Bhilai,Quality,Online
385,C002,50,4,03-03-2023,01:16:01 AM,08-03-2023,10:46:18 AM,Alwar,Easy Returns,Online
386,C091,5,4,04-06-2023,12:47:45 PM,14-06-2023,09:34:41 PM,Jalandhar,Ad Influence,Online
387,C061,1,2,30-04-2023,05:38:25 AM,09-05-2023,02:15:58 AM,Ahmedabad,Ad Influence,Online
388,C066,36,2,10-11-2023,12:15:10 AM,18-11-2023,10:37:06 AM,Jalna,Ad Influence,Online
389,C061,29,2,06-03-2023,03:26:18 AM,16-03-2023,06:13:40 PM,Mahbubnagar,Easy Returns,COD
390,C043,26,4,03-03-2023,03:40:56 PM,10-03-2023,11:02:07 PM,Akola,Easy Returns,Online
391,C083,22,4,29-12-2023,01:44:06 PM,07-01-2024,12:58:41 PM,Bareilly,Ad Influence,COD
392,C085,4,2,05-11-2023,03:18:55 AM,06-11-2023,06:53:09 PM,Gangtok,Festival,COD
393,C087,17,5,14-11-2023,11:01:18 AM,22-11-2023,04:10:46 PM,Solapur,Quality,COD
394,C028,38,5,23-03-2023,04:26:37 AM,31-03-2023,07:25:58 PM,Dewas,Ad Influence,COD
395,C067,26,2,03-03-2023,11:14:54 PM,06-03-2023,06:32:37 PM,Hosur,Easy Returns,COD
396,C068,10,5,15-03-2023,03:30:58 PM,16-03-2023,01:45:01 AM,Tiruvottiyur,Ad Influence,COD
397,C034,4,5,09-11-2023,06:48:09 AM,14-11-2023,01:32:34 PM,Junagadh,Festival,Online
398,C080,54,1,05-05-2023,08:45:21 AM,15-05-2023,10:01:43 AM,Dehradun,Quality,COD
399,C008,68,1,08-02-2023,06:21:47 AM,15-02-2023,07:08:14 AM,Bareilly,Cashback Offers,Online
400,C083,45,3,07-05-2023,02:05:01 PM,15-05-2023,06:10:53 PM,Kumbakonam,Ad Influence,COD
401,C089,9,5,29-08-2023,07:53:33 PM,04-09-2023,07:19:07 AM,Bharatpur,Brand Trust,COD
402,C037,29,1,05-03-2023,04:42:29 PM,08-03-2023,01:32:50 PM,Thrissur,Easy Returns,COD
403,C075,57,1,06-01-2023,11:45:28 AM,16-01-2023,08:13:26 PM,Delhi,Ad Influence,Online
404,C055,21,5,22-08-2023,07:55:20 AM,24-08-2023,10:27:19 PM,South Dumdum,Brand Trust,Online
405,C033,49,1,10-02-2023,11:05:14 PM,18-02-2023,02:47:38 PM,Guwahati,Cashback Offers,Online
406,C049,55,4,25-08-2023,03:59:17 PM,02-09-2023,06:23:53 AM,Srikakulam,Brand Trust,COD
407,C074,69,3,26-02-2023,08:52:11 AM,28-02-2023,04:09:44 AM,Jamalpur,Easy Returns,Online
408,C063,31,2,05-03-2023,12:19:26 PM,11-03-2023,04:41:38 AM,Haldia,Ad Influence,Online
409,C049,50,4,26-02-2023,05:43:59 PM,28-02-2023,07:44:57 PM,Khammam,Easy Returns,Online
410,C025,24,1,01-01-2023,08:20:49 PM,02-01-2023,05:57:06 AM,Surendranagar Dudhrej,Ad Influence,Online
411,C006,48,1,05-11-2023,04:31:34 PM,08-11-2023,07:21:26 AM,Nadiad,Festival,Online
412,C081,67,2,28-10-2023,09:28:24 AM,31-10-2023,11:14:27 PM,Maheshtala,Quality,Online
413,C050,59,5,22-08-2023,05:32:17 AM,30-08-2023,08:21:11 PM,Amritsar,Brand Trust,Online
414,C034,7,4,28-02-2023,09:18:11 PM,07-03-2023,01:07:31 AM,Raurkela Industrial Township,Easy Returns,COD
415,C065,14,4,08-06-2023,08:08:30 PM,10-06-2023,01:20:56 AM,Hajipur,Ad Influence,Online
416,C006,58,5,12-02-2023,04:41:02 PM,17-02-2023,09:37:01 AM,Saharanpur,Cashback Offers,Online
417,C004,62,4,07-03-2023,10:40:40 PM,11-03-2023,05:56:33 AM,Khammam,Easy Returns,Online
418,C069,64,3,24-08-2023,01:17:22 PM,01-09-2023,11:37:10 AM,Karimnagar,Brand Trust,Online
419,C065,47,3,05-03-2023,05:18:51 PM,11-03-2023,01:53:36 PM,Agartala,Easy Returns,Online
420,C039,6,3,27-02-2023,08:36:20 AM,28-02-2023,12:07:29 AM,Kota,Easy Returns,Online
421,C066,38,4,08-08-2023,08:16:30 PM,12-08-2023,07:04:00 PM,Serampore,Ad Influence,COD
422,C044,53,2,20-08-2023,03:03:58 AM,29-08-2023,04:05:39 AM,Eluru,Brand Trust,Online
423,C067,19,1,11-02-2023,04:46:58 PM,17-02-2023,12:10:05 AM,Alappuzha,Cashback Offers,Online
424,C072,7,4,01-03-2023,03:04:56 AM,09-03-2023,10:27:03 AM,Kishanganj,Easy Returns,COD
425,C071,56,1,30-09-2023,12:02:06 AM,09-10-2023,10:59:28 PM,North Dumdum,Quality,Online
426,C073,2,2,13-02-2023,10:59:54 PM,17-02-2023,01:51:00 PM,Kharagpur,Cashback Offers,COD
427,C042,48,5,03-11-2023,07:56:32 AM,13-11-2023,10:46:12 PM,Gudivada,Festival,COD
428,C038,10,2,06-12-2023,03:32:38 AM,12-12-2023,07:37:01 PM,Khora ,Ad Influence,Online
429,C007,9,5,22-08-2023,10:46:57 PM,31-08-2023,12:43:52 PM,Bahraich,Brand Trust,COD
430,C045,27,2,27-08-2023,07:20:30 AM,31-08-2023,10:03:32 AM,Rourkela,Brand Trust,Online
431,C057,1,4,13-12-2023,07:13:43 PM,19-12-2023,09:02:24 PM,Varanasi,Ad Influence,COD
432,C092,12,4,05-01-2023,12:09:27 PM,13-01-2023,07:40:38 PM,Ballia,Quality,Online
433,C068,7,5,26-02-2023,11:33:51 PM,02-03-2023,04:19:56 AM,Amravati,Easy Returns,COD
434,C020,51,4,28-11-2023,07:23:06 AM,29-11-2023,07:43:32 PM,Kirari Suleman Nagar,Ad Influence,Online
435,C017,53,4,22-08-2023,05:27:30 PM,27-08-2023,12:35:14 PM,Mira-Bhayandar,Brand Trust,COD
436,C058,8,1,27-01-2023,06:08:00 AM,03-02-2023,08:15:49 AM,Salem,Quality,COD
437,C010,55,1,24-08-2023,06:30:47 AM,27-08-2023,10:56:38 PM,Uluberia,Brand Trust,COD
438,C037,34,2,26-08-2023,09:27:17 AM,27-08-2023,03:18:31 AM,Tadepalligudem,Brand Trust,Online
439,C037,12,3,13-12-2023,08:56:11 AM,22-12-2023,12:51:06 PM,Hyderabad,Quality,COD
440,C018,13,4,07-03-2023,09:33:31 AM,09-03-2023,01:21:29 AM,Gudivada,Easy Returns,COD
441,C052,26,2,26-02-2023,11:23:56 AM,06-03-2023,04:38:50 PM,Kurnool,Easy Returns,Online
442,C023,3,3,08-02-2023,06:03:20 PM,15-02-2023,08:05:39 AM,Khandwa,Cashback Offers,COD
443,C046,49,3,04-02-2023,10:22:19 PM,13-02-2023,02:16:00 AM,Secunderabad,Cashback Offers,Online
444,C021,60,3,02-11-2023,01:01:13 AM,09-11-2023,09:54:20 AM,Jalna,Festival,Online
445,C047,30,5,14-06-2023,08:08:42 PM,15-06-2023,02:22:27 PM,Karnal,Quality,Online
446,C079,33,5,12-02-2023,02:54:04 AM,15-02-2023,11:03:28 AM,Bokaro,Cashback Offers,Online
447,C032,47,4,27-02-2023,02:45:34 AM,04-03-2023,03:04:56 PM,Bhilwara,Easy Returns,Online
448,C086,16,1,02-03-2023,02:42:54 AM,03-03-2023,01:42:24 PM,Bulandshahr,Easy Returns,COD
449,C045,49,4,13-02-2023,03:18:26 AM,16-02-2023,10:09:41 AM,Ichalkaranji,Cashback Offers,COD
450,C096,39,5,02-12-2023,07:58:05 AM,12-12-2023,10:09:58 AM,Sri Ganganagar,Ad Influence,COD
451,C079,33,5,07-02-2023,12:16:52 AM,13-02-2023,09:10:57 PM,Ujjain,Cashback Offers,COD
452,C045,70,3,09-07-2023,07:57:29 PM,17-07-2023,11:42:18 AM,Mahbubnagar,Ad Influence,COD
453,C032,27,2,21-08-2023,10:11:39 AM,31-08-2023,12:28:21 PM,Varanasi,Brand Trust,COD
454,C088,3,2,07-02-2023,11:26:49 PM,09-02-2023,01:21:56 AM,Suryapet,Cashback Offers,Online
455,C072,1,2,20-10-2023,10:33:50 PM,25-10-2023,06:04:20 PM,Eluru,Ad Influence,Online
456,C071,33,2,12-02-2023,10:51:39 PM,15-02-2023,10:14:06 PM,Nangloi Jat,Cashback Offers,Online
457,C036,22,5,27-05-2023,01:55:39 PM,29-05-2023,04:38:25 PM,Mirzapur,Ad Influence,COD
458,C054,32,2,19-07-2023,05:21:30 PM,24-07-2023,08:32:44 PM,Ramgarh,Ad Influence,COD
459,C093,12,2,29-03-2023,07:24:55 AM,30-03-2023,07:34:31 AM,Ranchi,Quality,COD
460,C007,29,2,04-03-2023,07:58:33 AM,06-03-2023,12:07:26 AM,Kolhapur,Easy Returns,COD
461,C083,12,4,22-06-2023,08:12:37 AM,27-06-2023,02:52:56 PM,Srinagar,Quality,Online
462,C069,60,5,04-11-2023,06:10:06 PM,13-11-2023,02:20:14 PM,Kirari Suleman Nagar,Festival,COD
463,C078,18,3,24-09-2023,10:23:47 PM,30-09-2023,12:52:03 AM,Hazaribagh,Ad Influence,COD
464,C014,18,3,05-07-2023,03:04:25 AM,08-07-2023,01:38:45 PM,Buxar,Ad Influence,COD
465,C029,55,5,23-08-2023,11:46:12 PM,26-08-2023,01:29:11 PM,Madurai,Brand Trust,Online
466,C053,23,1,03-10-2023,01:58:22 PM,11-10-2023,09:59:41 AM,Bally,Quality,Online
467,C056,53,1,28-08-2023,02:18:44 PM,02-09-2023,03:20:11 PM,Gandhidham,Brand Trust,COD
468,C007,5,2,25-07-2023,07:57:26 AM,04-08-2023,01:24:47 AM,Rajahmundry,Ad Influence,Online
469,C051,42,4,15-12-2023,07:06:00 AM,19-12-2023,12:56:49 PM,Kamarhati,Ad Influence,COD
470,C031,47,5,28-02-2023,05:34:04 PM,06-03-2023,03:29:29 PM,Bhavnagar,Easy Returns,COD
471,C092,23,2,31-01-2023,12:09:01 PM,10-02-2023,05:50:06 AM,Tirunelveli,Quality,COD
472,C015,56,1,24-12-2023,07:32:38 AM,30-12-2023,10:46:18 PM,Khammam,Quality,COD
473,C061,22,3,28-03-2023,08:13:57 AM,04-04-2023,03:44:18 PM,Giridih,Ad Influence,Online
474,C051,1,4,07-02-2023,06:31:59 AM,14-02-2023,02:00:07 AM,Dibrugarh,Ad Influence,COD
475,C099,46,2,04-12-2023,07:21:23 AM,08-12-2023,01:32:22 PM,Jalgaon,Quality,Online
476,C067,40,2,18-09-2023,01:17:18 AM,20-09-2023,05:53:14 PM,Moradabad,Quality,Online
477,C099,33,4,12-02-2023,05:18:09 PM,14-02-2023,03:11:52 AM,Gangtok,Cashback Offers,COD
478,C003,11,5,08-02-2023,01:11:21 AM,09-02-2023,09:50:19 AM,Ambarnath,Cashback Offers,COD
479,C071,11,1,07-02-2023,05:48:21 PM,11-02-2023,10:48:13 AM,Ghaziabad,Cashback Offers,Online
480,C059,62,4,06-03-2023,04:29:31 AM,16-03-2023,10:19:33 PM,Sagar,Easy Returns,Online
481,C044,12,5,21-08-2023,12:00:53 AM,25-08-2023,06:36:25 PM,Bhiwandi,Quality,COD
482,C050,23,3,05-06-2023,08:33:38 PM,14-06-2023,08:56:35 PM,Ludhiana,Quality,Online
483,C007,59,2,28-08-2023,06:25:03 AM,31-08-2023,05:06:02 AM,Pallavaram,Brand Trust,Online
484,C034,1,5,26-05-2023,07:03:55 PM,03-06-2023,07:32:17 PM,Morena,Ad Influence,Online
485,C029,43,4,06-11-2023,07:20:24 PM,14-11-2023,07:27:14 PM,Bhubaneswar,Festival,Online
486,C030,24,1,25-07-2023,02:34:30 PM,30-07-2023,04:58:35 PM,Ambattur,Ad Influence,Online
487,C053,51,1,05-01-2023,04:46:57 PM,09-01-2023,04:28:18 AM,Sasaram,Ad Influence,COD
488,C025,21,4,28-08-2023,10:13:30 PM,29-08-2023,05:26:49 AM,Nizamabad,Brand Trust,Online
489,C072,10,1,28-08-2023,10:26:56 PM,02-09-2023,04:30:46 AM,Kirari Suleman Nagar,Ad Influence,COD
490,C075,2,1,12-02-2023,12:28:03 PM,14-02-2023,12:27:19 PM,Eluru,Cashback Offers,Online
491,C095,30,1,24-10-2023,06:14:34 AM,02-11-2023,10:59:20 PM,Muzaffarnagar,Quality,Online
492,C047,33,2,04-02-2023,01:54:25 PM,13-02-2023,12:04:33 PM,Salem,Cashback Offers,COD
493,C035,11,1,05-02-2023,10:11:24 PM,06-02-2023,03:43:11 PM,Gopalpur,Cashback Offers,COD
494,C082,7,4,28-02-2023,03:11:22 AM,08-03-2023,07:06:48 PM,Rewa,Easy Returns,COD
495,C007,20,1,28-08-2023,05:42:29 PM,29-08-2023,10:51:31 PM,Pimpri-Chinchwad,Quality,COD
496,C021,11,4,09-02-2023,02:31:57 PM,16-02-2023,01:05:41 PM,Sambhal,Cashback Offers,Online
497,C081,64,2,29-08-2023,08:14:01 PM,01-09-2023,04:42:56 AM,Alwar,Brand Trust,COD
498,C100,19,4,13-02-2023,09:34:44 PM,20-02-2023,09:14:24 PM,Bhusawal,Cashback Offers,Online
499,C031,59,1,27-08-2023,12:09:20 PM,02-09-2023,10:03:32 AM,Ichalkaranji,Brand Trust,Online
500,C013,61,2,29-06-2023,10:07:52 AM,05-07-2023,12:14:25 PM,Bongaigaon,Quality,COD
501,C066,46,2,02-09-2023,04:27:41 PM,08-09-2023,07:33:36 AM,Navi Mumbai,Quality,COD
502,C099,22,5,24-06-2023,05:33:20 AM,30-06-2023,12:55:44 AM,Munger,Ad Influence,COD
503,C020,34,1,29-08-2023,08:45:45 PM,06-09-2023,07:49:54 AM,Dehri,Brand Trust,Online
504,C058,25,1,14-07-2023,01:04:42 PM,24-07-2023,05:20:36 AM,Meerut,Quality,Online
505,C028,45,3,02-06-2023,01:19:25 PM,05-06-2023,01:59:32 AM,Allahabad,Ad Influence,COD
506,C058,55,4,27-08-2023,08:52:04 AM,02-09-2023,11:43:24 AM,Thrissur,Brand Trust,Online
507,C028,13,4,07-03-2023,12:28:11 AM,13-03-2023,08:11:36 PM,Malda,Easy Returns,COD
508,C035,69,1,26-02-2023,05:29:28 PM,04-03-2023,07:11:06 AM,Varanasi,Easy Returns,Online
509,C003,13,5,05-03-2023,12:48:55 PM,09-03-2023,07:47:16 AM,Uluberia,Easy Returns,COD
510,C017,54,5,08-12-2023,01:00:05 PM,17-12-2023,06:14:47 AM,Panipat,Quality,COD
511,C055,47,2,27-02-2023,12:58:05 PM,04-03-2023,12:46:11 AM,Dibrugarh,Easy Returns,Online
512,C008,41,1,05-11-2023,02:42:41 AM,11-11-2023,01:10:40 PM,Ranchi,Festival,Online
513,C088,1,4,27-03-2023,09:57:32 AM,02-04-2023,01:56:41 PM,Nandyal,Ad Influence,COD
514,C090,24,1,01-01-2023,09:56:10 AM,09-01-2023,05:56:52 PM,Allahabad,Ad Influence,COD
515,C078,14,5,21-10-2023,11:22:39 PM,27-10-2023,02:59:49 PM,Unnao,Ad Influence,COD
516,C020,22,2,05-07-2023,08:52:56 PM,06-07-2023,01:06:20 AM,Gaya,Ad Influence,COD
517,C064,60,5,09-11-2023,01:01:13 AM,17-11-2023,07:04:55 PM,Aligarh,Festival,COD
518,C045,45,3,09-04-2023,04:46:41 AM,15-04-2023,07:40:46 PM,Ahmednagar,Ad Influence,Online
519,C014,52,4,07-02-2023,11:10:38 PM,15-02-2023,06:40:20 AM,Hindupur,Cashback Offers,COD
520,C026,14,5,07-04-2023,04:43:51 AM,08-04-2023,08:21:40 AM,Mysore,Ad Influence,Online
521,C062,33,5,04-02-2023,09:00:17 PM,08-02-2023,02:28:38 AM,Noida,Cashback Offers,Online
522,C011,50,3,27-02-2023,09:04:28 PM,08-03-2023,01:34:50 AM,Avadi,Easy Returns,Online
523,C071,30,3,02-07-2023,01:37:08 PM,09-07-2023,03:38:36 PM,Muzaffarpur,Quality,COD
524,C084,45,1,15-08-2023,01:54:54 PM,22-08-2023,12:29:47 PM,Jalandhar,Ad Influence,COD
525,C033,16,2,02-03-2023,08:06:08 PM,11-03-2023,10:22:35 PM,Bhagalpur,Easy Returns,Online
526,C008,13,5,02-03-2023,06:06:20 AM,08-03-2023,01:35:05 AM,Bangalore,Easy Returns,Online
527,C036,33,3,11-02-2023,12:51:40 PM,19-02-2023,03:58:07 PM,Bardhaman,Cashback Offers,COD
528,C001,27,3,27-08-2023,05:01:16 AM,30-08-2023,05:03:43 PM,Tirunelveli,Brand Trust,COD
529,C013,64,2,25-08-2023,03:47:28 PM,28-08-2023,02:05:18 PM,Madurai,Brand Trust,Online
530,C008,5,2,19-08-2023,10:45:21 AM,27-08-2023,12:23:56 AM,Delhi,Ad Influence,COD
531,C029,28,5,29-08-2023,01:32:08 PM,07-09-2023,08:43:11 AM,Dehradun,Brand Trust,Online
532,C036,30,5,02-09-2023,01:25:06 PM,10-09-2023,02:55:07 AM,Bharatpur,Quality,Online
533,C006,14,3,18-04-2023,07:19:52 AM,20-04-2023,05:43:45 PM,Raurkela Industrial Township,Ad Influence,COD
534,C061,31,2,27-11-2023,03:40:16 AM,04-12-2023,11:22:37 AM,Naihati,Ad Influence,COD
535,C017,25,3,08-07-2023,09:59:28 PM,11-07-2023,06:30:40 AM,Saharsa,Quality,COD
536,C048,59,3,25-08-2023,03:14:52 PM,30-08-2023,11:13:10 AM,Kota,Brand Trust,COD
537,C064,42,3,17-10-2023,06:19:24 AM,25-10-2023,03:09:08 AM,Korba,Ad Influence,COD
538,C097,24,5,18-05-2023,01:09:06 PM,19-05-2023,10:36:16 PM,Ghaziabad,Ad Influence,COD
539,C056,20,3,09-06-2023,03:39:18 PM,16-06-2023,02:17:05 PM,Jehanabad,Quality,Online
540,C082,22,4,06-09-2023,07:07:35 PM,09-09-2023,01:26:00 AM,Morbi,Ad Influence,COD
541,C007,24,3,13-11-2023,05:51:09 AM,16-11-2023,10:56:34 PM,Sasaram,Ad Influence,COD
542,C051,54,5,07-07-2023,07:41:20 PM,12-07-2023,09:52:12 AM,Satara,Quality,Online
543,C023,51,4,12-02-2023,09:51:10 PM,17-02-2023,11:53:09 AM,Saharanpur,Ad Influence,COD
544,C030,29,2,01-03-2023,02:31:54 AM,11-03-2023,09:33:52 AM,Belgaum,Easy Returns,COD
545,C083,9,5,20-08-2023,01:54:52 AM,26-08-2023,08:07:19 AM,Ratlam,Brand Trust,Online
546,C064,25,3,02-02-2023,10:04:53 PM,11-02-2023,10:00:07 AM,Motihari,Quality,COD
547,C088,30,5,10-01-2023,02:30:12 AM,19-01-2023,01:56:41 PM,Ahmedabad,Quality,Online
548,C012,25,2,21-02-2023,12:32:50 PM,22-02-2023,07:47:44 PM,Gorakhpur,Quality,Online
549,C021,64,1,22-08-2023,07:29:43 PM,01-09-2023,02:29:10 AM,Erode,Brand Trust,COD
550,C023,29,5,27-02-2023,07:28:12 PM,05-03-2023,05:03:39 PM,Bettiah,Easy Returns,COD
551,C088,67,1,19-04-2023,08:43:42 PM,23-04-2023,03:25:04 PM,Kurnool,Quality,Online
552,C064,31,3,10-05-2023,06:59:31 PM,11-05-2023,05:09:07 PM,Tezpur,Ad Influence,Online
553,C084,39,2,22-08-2023,01:22:41 AM,26-08-2023,07:43:27 AM,Alwar,Ad Influence,COD
554,C045,29,4,28-02-2023,08:25:07 PM,03-03-2023,04:49:01 PM,Sangli-Miraj & Kupwad,Easy Returns,Online
555,C100,56,4,28-06-2023,12:05:43 PM,30-06-2023,05:58:12 PM,Ratlam,Quality,COD
556,C073,17,1,13-12-2023,03:34:22 PM,21-12-2023,03:49:48 PM,Cuttack,Quality,COD
557,C039,47,3,01-03-2023,03:00:42 AM,08-03-2023,02:10:39 AM,Delhi,Easy Returns,COD
558,C091,64,3,22-08-2023,12:42:58 AM,25-08-2023,12:24:52 AM,Muzaffarpur,Brand Trust,Online
559,C084,45,1,19-12-2023,04:37:11 PM,26-12-2023,06:35:43 PM,Mau,Ad Influence,COD
560,C019,39,2,04-08-2023,12:52:20 PM,09-08-2023,09:50:53 AM,Avadi,Ad Influence,Online
561,C099,49,5,12-02-2023,12:24:35 PM,21-02-2023,05:23:34 PM,Ghaziabad,Cashback Offers,Online
562,C066,24,4,09-08-2023,09:18:20 AM,16-08-2023,01:34:07 AM,Ranchi,Ad Influence,Online
563,C077,58,5,11-02-2023,11:43:18 AM,19-02-2023,05:04:29 AM,Jorhat,Cashback Offers,COD
564,C007,40,1,07-04-2023,12:40:20 AM,15-04-2023,06:06:57 AM,Gandhinagar,Quality,Online
565,C011,50,3,06-03-2023,05:28:16 PM,14-03-2023,01:12:47 PM,Mehsana,Easy Returns,COD
566,C054,42,4,12-05-2023,12:48:03 PM,14-05-2023,08:36:32 PM,Patna,Ad Influence,Online
567,C090,66,1,06-03-2023,06:11:59 AM,15-03-2023,06:57:04 PM,Unnao,Easy Returns,Online
568,C056,10,1,29-06-2023,08:55:39 PM,08-07-2023,01:16:14 PM,Bhubaneswar,Ad Influence,Online
569,C027,53,2,28-08-2023,02:00:43 PM,04-09-2023,05:56:22 PM,Purnia,Brand Trust,COD
570,C056,69,3,28-02-2023,11:25:04 AM,09-03-2023,12:53:55 AM,Satna,Easy Returns,COD
571,C046,6,1,28-02-2023,09:38:25 AM,09-03-2023,04:26:01 AM,Bhatpara,Easy Returns,Online
572,C060,25,5,04-06-2023,03:48:37 PM,10-06-2023,10:11:48 AM,Kamarhati,Quality,Online
573,C040,3,5,08-02-2023,02:52:06 AM,14-02-2023,02:57:06 AM,Thane,Cashback Offers,Online
574,C064,29,3,02-03-2023,11:57:06 PM,06-03-2023,09:45:12 PM,Kozhikode,Easy Returns,Online
575,C076,49,2,06-02-2023,01:24:32 PM,09-02-2023,02:55:08 PM,Kota,Cashback Offers,Online
576,C074,53,4,20-08-2023,07:04:37 AM,26-08-2023,08:01:59 AM,Aurangabad,Brand Trust,COD
577,C008,20,4,28-10-2023,02:51:26 PM,05-11-2023,06:50:45 PM,Hazaribagh,Quality,COD
578,C008,18,4,31-07-2023,06:27:40 PM,06-08-2023,04:43:25 PM,Warangal,Ad Influence,Online
579,C092,29,2,07-03-2023,09:38:40 PM,14-03-2023,10:45:06 AM,Maheshtala,Easy Returns,Online
580,C093,24,4,16-06-2023,10:03:12 PM,20-06-2023,12:25:42 PM,Bhatpara,Ad Influence,Online
581,C082,18,2,02-07-2023,02:08:23 AM,11-07-2023,02:56:59 PM,Anand,Ad Influence,Online
582,C019,3,4,04-02-2023,06:30:31 PM,05-02-2023,07:16:41 PM,Latur,Cashback Offers,COD
583,C025,56,4,18-09-2023,04:47:25 PM,22-09-2023,07:58:33 PM,Hosur,Quality,COD
584,C089,34,2,23-08-2023,07:39:30 AM,27-08-2023,04:10:28 PM,Eluru,Brand Trust,Online
585,C013,63,5,26-04-2023,06:32:41 PM,01-05-2023,01:52:06 AM,Bhubaneswar,Ad Influence,Online
586,C068,64,5,27-08-2023,09:04:38 PM,04-09-2023,04:30:39 PM,Bilaspur,Brand Trust,Online
587,C018,43,1,02-11-2023,12:51:24 AM,03-11-2023,10:41:06 AM,Panchkula,Festival,Online
588,C056,49,5,04-02-2023,06:37:00 AM,05-02-2023,09:21:57 PM,Kishanganj,Cashback Offers,Online
589,C093,40,3,09-12-2023,09:23:17 PM,19-12-2023,01:21:34 AM,Lucknow,Quality,COD
590,C006,23,2,19-01-2023,09:36:21 PM,23-01-2023,05:53:50 AM,Durg,Quality,Online
591,C002,31,3,06-07-2023,12:56:00 PM,14-07-2023,12:00:51 AM,Surat,Ad Influence,COD
592,C007,47,5,07-03-2023,03:27:03 AM,11-03-2023,09:41:23 PM,Phusro,Easy Returns,Online
593,C016,58,3,05-02-2023,05:30:40 PM,12-02-2023,09:34:03 AM,Bhilai,Cashback Offers,Online
594,C060,20,2,26-05-2023,09:26:03 PM,01-06-2023,04:59:28 AM,Varanasi,Quality,COD
595,C022,51,4,08-11-2023,01:49:19 PM,15-11-2023,04:06:31 AM,Delhi,Ad Influence,COD
596,C046,50,1,05-03-2023,02:57:41 PM,14-03-2023,05:58:44 PM,Tiruppur,Easy Returns,COD
597,C074,16,1,01-03-2023,01:05:53 AM,06-03-2023,02:49:44 AM,Pimpri-Chinchwad,Easy Returns,COD
598,C054,37,3,11-11-2023,02:51:23 AM,18-11-2023,09:53:27 PM,Ratlam,Festival,Online
599,C004,34,1,21-08-2023,07:32:24 PM,24-08-2023,12:13:52 PM,Naihati,Brand Trust,Online
600,C095,47,4,07-03-2023,09:24:39 PM,09-03-2023,03:17:19 PM,Shimla,Easy Returns,Online
601,C030,1,4,14-03-2023,02:37:47 AM,18-03-2023,03:37:12 AM,Raurkela Industrial Township,Ad Influence,Online
602,C042,43,5,02-11-2023,10:17:25 AM,11-11-2023,06:02:00 AM,Buxar,Festival,Online
603,C079,8,3,29-05-2023,05:23:57 AM,07-06-2023,03:14:45 PM,Tiruvottiyur,Quality,COD
604,C069,39,3,31-01-2023,07:54:56 PM,03-02-2023,09:24:38 PM,Tadipatri,Ad Influence,COD
605,C068,45,2,21-12-2023,10:21:06 PM,25-12-2023,08:49:33 PM,Kakinada,Ad Influence,Online
606,C047,3,5,08-02-2023,02:13:13 AM,17-02-2023,07:31:32 AM,Sambalpur,Cashback Offers,Online
607,C028,50,3,03-03-2023,01:50:25 AM,05-03-2023,09:52:56 AM,Bidhannagar,Easy Returns,Online
608,C030,55,5,28-08-2023,08:30:15 PM,01-09-2023,07:14:20 AM,Etawah,Brand Trust,Online
609,C024,25,5,27-10-2023,11:08:56 AM,28-10-2023,11:46:55 PM,Hazaribagh,Quality,Online
610,C068,5,3,03-01-2023,05:25:41 PM,05-01-2023,12:11:36 AM,Sirsa,Ad Influence,Online
611,C056,28,2,22-08-2023,09:17:50 PM,28-08-2023,03:27:30 AM,Latur,Brand Trust,COD
612,C075,26,1,02-03-2023,10:22:25 AM,08-03-2023,12:39:50 PM,Shivpuri,Easy Returns,Online
613,C063,4,5,10-11-2023,05:54:34 PM,14-11-2023,07:18:27 PM,Gwalior,Festival,Online
614,C089,26,1,03-03-2023,03:36:13 PM,07-03-2023,06:51:41 PM,Aizawl,Easy Returns,COD
615,C020,28,3,25-08-2023,09:11:09 PM,01-09-2023,06:10:16 AM,Allahabad,Brand Trust,Online
616,C006,44,5,08-11-2023,11:57:57 PM,12-11-2023,07:20:59 PM,Phagwara,Festival,Online
617,C083,22,1,19-02-2023,02:53:42 AM,28-02-2023,05:01:34 PM,Uluberia,Ad Influence,COD
618,C073,60,4,05-11-2023,04:09:13 PM,15-11-2023,05:21:36 PM,Lucknow,Festival,COD
619,C091,35,1,06-03-2023,07:18:46 AM,16-03-2023,03:17:33 AM,Patiala,Easy Returns,Online
620,C074,67,3,11-07-2023,10:23:01 PM,18-07-2023,01:24:50 AM,Delhi,Quality,Online
621,C070,64,3,20-08-2023,07:17:03 AM,28-08-2023,01:32:49 AM,Ahmedabad,Brand Trust,COD
622,C084,4,4,08-11-2023,02:13:32 PM,09-11-2023,03:59:02 PM,Bhiwandi,Festival,Online
623,C045,37,2,08-11-2023,01:37:50 PM,18-11-2023,02:25:39 PM,Lucknow,Festival,Online
624,C024,53,5,29-08-2023,09:19:59 AM,01-09-2023,08:29:54 AM,Ambala,Brand Trust,Online
625,C089,63,5,23-02-2023,09:15:42 PM,04-03-2023,02:46:06 AM,Belgaum,Ad Influence,COD
626,C024,40,5,23-09-2023,03:12:58 PM,27-09-2023,08:14:22 AM,Bellary,Quality,Online
627,C024,51,4,05-02-2023,04:30:25 AM,08-02-2023,11:38:12 PM,Sirsa,Ad Influence,COD
628,C061,11,5,10-02-2023,09:50:27 PM,13-02-2023,09:07:46 PM,Ongole,Cashback Offers,Online
629,C032,28,5,27-08-2023,09:09:01 AM,04-09-2023,03:31:23 PM,Sangli-Miraj & Kupwad,Brand Trust,Online
630,C071,67,3,21-02-2023,09:37:47 PM,01-03-2023,06:53:08 PM,Karimnagar,Quality,Online
631,C044,32,4,13-04-2023,09:41:50 PM,17-04-2023,03:45:03 AM,Gopalpur,Ad Influence,Online
632,C075,51,1,11-07-2023,10:35:01 PM,12-07-2023,11:32:50 AM,Adoni,Ad Influence,Online
633,C031,52,5,10-02-2023,02:44:42 PM,15-02-2023,05:12:46 AM,Surat,Cashback Offers,Online
634,C038,57,3,07-05-2023,06:36:16 AM,11-05-2023,01:43:49 PM,Fatehpur,Ad Influence,Online
635,C095,67,1,12-11-2023,06:37:11 PM,22-11-2023,07:23:32 AM,Navi Mumbai,Quality,COD
636,C067,53,2,25-08-2023,07:18:26 AM,02-09-2023,03:33:45 AM,Panipat,Brand Trust,COD
637,C056,51,3,12-03-2023,07:29:26 PM,20-03-2023,10:34:14 PM,Darbhanga,Ad Influence,Online
638,C060,39,1,23-04-2023,02:13:33 AM,27-04-2023,02:51:20 AM,Mira-Bhayandar,Ad Influence,Online
639,C098,24,1,26-05-2023,02:36:31 AM,31-05-2023,03:18:25 AM,Amaravati,Ad Influence,Online
640,C089,59,3,23-08-2023,06:16:51 AM,31-08-2023,07:07:21 PM,Bathinda,Brand Trust,COD
641,C063,15,4,18-05-2023,11:59:56 PM,26-05-2023,07:14:55 PM,South Dumdum,Quality,Online
642,C021,44,5,02-11-2023,05:26:04 AM,07-11-2023,12:29:51 AM,Kozhikode,Festival,COD
643,C063,35,2,26-02-2023,01:10:24 PM,06-03-2023,08:24:10 PM,Malda,Easy Returns,Online
644,C050,67,1,01-09-2023,02:54:36 PM,11-09-2023,11:21:18 AM,Parbhani,Quality,Online
645,C033,50,3,27-02-2023,01:46:39 AM,28-02-2023,02:07:11 AM,Danapur,Easy Returns,Online
646,C015,38,5,13-05-2023,04:30:10 PM,23-05-2023,09:16:58 AM,Morbi,Ad Influence,COD
647,C069,21,5,25-08-2023,05:00:25 PM,26-08-2023,01:29:04 AM,Anantapuram,Brand Trust,COD
648,C040,41,3,05-11-2023,07:06:16 PM,09-11-2023,08:25:00 AM,Chittoor,Festival,COD
649,C053,43,3,02-11-2023,03:05:41 AM,11-11-2023,08:55:15 AM,Naihati,Festival,COD
650,C077,32,3,23-02-2023,01:54:43 AM,02-03-2023,03:09:36 AM,Guwahati,Ad Influence,Online
651,C017,11,4,13-02-2023,02:16:28 AM,19-02-2023,11:55:54 AM,Panihati,Cashback Offers,Online
652,C032,21,2,28-08-2023,07:41:09 PM,03-09-2023,12:01:31 AM,Phagwara,Brand Trust,Online
653,C076,17,4,29-11-2023,01:38:07 PM,01-12-2023,05:52:11 AM,Bhilwara,Quality,COD
654,C019,64,2,29-08-2023,04:53:15 AM,02-09-2023,12:41:13 AM,Jhansi,Brand Trust,COD
655,C015,17,1,08-11-2023,09:19:04 PM,17-11-2023,06:57:37 PM,Jalna,Quality,COD
656,C032,68,2,05-02-2023,06:34:41 PM,06-02-2023,04:46:00 AM,Dehri,Cashback Offers,COD
657,C055,13,3,03-03-2023,09:37:53 AM,08-03-2023,02:48:35 PM,Kochi,Easy Returns,Online
658,C061,21,3,22-08-2023,08:54:56 PM,31-08-2023,08:54:06 AM,Srikakulam,Brand Trust,COD
659,C048,19,5,05-02-2023,05:44:56 PM,12-02-2023,10:37:43 PM,Silchar,Cashback Offers,COD
660,C053,58,3,11-02-2023,06:08:46 AM,21-02-2023,08:48:35 PM,Amravati,Cashback Offers,COD
661,C018,22,2,14-01-2023,11:51:27 PM,19-01-2023,09:50:46 AM,Guwahati,Ad Influence,COD
662,C068,20,3,09-02-2023,06:29:52 PM,18-02-2023,08:27:53 AM,Hazaribagh,Quality,Online
663,C094,15,2,11-10-2023,02:47:08 PM,12-10-2023,10:32:05 PM,Hosur,Quality,COD
664,C023,24,2,18-01-2023,11:54:34 AM,28-01-2023,08:22:08 PM,Hajipur,Ad Influence,COD
665,C060,62,5,05-03-2023,02:23:22 PM,15-03-2023,03:54:03 PM,Akola,Easy Returns,Online
666,C032,26,5,02-03-2023,09:41:06 AM,08-03-2023,07:28:15 PM,Jammu,Easy Returns,COD
667,C052,44,3,04-11-2023,08:26:58 AM,07-11-2023,10:30:59 AM,Alwar,Festival,Online
668,C009,55,2,21-08-2023,10:09:53 AM,30-08-2023,04:32:49 PM,Ajmer,Brand Trust,Online
669,C035,68,5,10-02-2023,07:11:50 AM,17-02-2023,09:56:42 AM,Ludhiana,Cashback Offers,Online
670,C057,23,5,01-06-2023,05:47:59 AM,10-06-2023,05:09:00 AM,Bhopal,Quality,COD
671,C059,31,4,03-12-2023,06:54:18 AM,07-12-2023,11:16:19 PM,Karnal,Ad Influence,COD
672,C049,44,5,07-11-2023,02:06:15 PM,09-11-2023,06:46:37 AM,Saharanpur,Festival,Online
673,C008,33,3,04-02-2023,05:54:49 AM,07-02-2023,04:25:38 AM,Gaya,Cashback Offers,COD
674,C065,68,2,07-02-2023,09:41:25 AM,16-02-2023,11:40:25 PM,Chennai,Cashback Offers,COD
675,C052,13,4,28-02-2023,08:04:46 AM,09-03-2023,11:52:12 PM,Pali,Easy Returns,COD
676,C038,46,4,18-02-2023,12:42:24 PM,20-02-2023,08:52:32 PM,Kanpur,Quality,Online
677,C045,37,5,04-11-2023,07:54:01 AM,14-11-2023,05:32:35 AM,Panihati,Festival,Online
678,C020,31,5,10-09-2023,02:23:59 PM,20-09-2023,10:13:07 AM,Jalna,Ad Influence,COD
679,C019,56,2,05-10-2023,05:29:19 PM,14-10-2023,12:58:06 PM,Durg,Quality,Online
680,C018,56,1,02-12-2023,10:20:31 PM,08-12-2023,02:33:10 AM,Avadi,Quality,Online
681,C098,23,5,29-01-2023,10:08:06 AM,05-02-2023,12:01:28 PM,Nashik,Quality,Online
682,C054,50,5,26-02-2023,07:31:16 AM,05-03-2023,11:32:33 AM,Hyderabad,Easy Returns,COD
683,C024,27,3,23-08-2023,09:26:58 PM,30-08-2023,07:25:08 PM,Surendranagar Dudhrej,Brand Trust,COD
684,C029,70,3,17-09-2023,01:33:50 AM,25-09-2023,02:44:39 AM,Tumkur,Ad Influence,COD
685,C054,22,1,01-09-2023,09:04:40 PM,11-09-2023,08:30:45 AM,Sikar,Ad Influence,Online
686,C026,50,1,01-03-2023,04:29:38 PM,11-03-2023,09:37:59 PM,Bardhaman,Easy Returns,COD
687,C098,8,5,15-03-2023,05:57:15 PM,19-03-2023,04:50:54 AM,Raichur,Quality,Online
688,C015,54,2,28-01-2023,07:02:07 PM,30-01-2023,01:51:22 PM,Lucknow,Quality,COD
689,C046,66,4,02-03-2023,05:52:42 AM,07-03-2023,11:00:27 AM,Silchar,Easy Returns,COD
690,C083,48,2,02-11-2023,09:13:25 PM,05-11-2023,09:32:48 PM,Jaunpur,Festival,COD
691,C002,48,5,06-11-2023,05:22:43 AM,10-11-2023,11:08:26 AM,Naihati,Festival,Online
692,C035,15,2,11-08-2023,07:04:55 AM,18-08-2023,06:44:37 AM,Tiruppur,Quality,COD
693,C041,4,5,04-11-2023,11:48:55 PM,07-11-2023,05:31:27 AM,Ghaziabad,Festival,COD
694,C018,23,2,15-04-2023,07:26:27 PM,21-04-2023,04:58:51 PM,Kozhikode,Quality,COD
695,C046,23,4,05-03-2023,04:36:52 PM,14-03-2023,05:01:44 PM,Mumbai,Quality,Online
696,C046,13,3,07-03-2023,02:42:21 AM,14-03-2023,03:08:45 PM,Rajpur Sonarpur,Easy Returns,COD
697,C026,66,1,03-03-2023,02:20:25 PM,07-03-2023,03:14:20 PM,Ichalkaranji,Easy Returns,Online
698,C060,64,3,29-08-2023,08:44:11 PM,06-09-2023,03:00:13 PM,Ozhukarai,Brand Trust,Online
699,C011,1,4,02-06-2023,12:14:44 PM,09-06-2023,11:09:03 PM,Chittoor,Ad Influence,COD
700,C006,6,1,04-03-2023,06:17:57 PM,09-03-2023,01:43:07 PM,Gwalior,Easy Returns,Online
701,C080,41,5,07-11-2023,10:57:34 AM,11-11-2023,04:56:26 AM,Tezpur,Festival,Online
702,C067,60,1,10-11-2023,08:44:24 AM,18-11-2023,06:26:10 AM,Giridih,Festival,Online
703,C070,53,4,23-08-2023,04:19:39 PM,01-09-2023,06:12:05 AM,Khammam,Brand Trust,COD
704,C061,55,4,29-08-2023,02:27:10 AM,30-08-2023,01:36:34 PM,Jalgaon,Brand Trust,COD
705,C004,7,1,05-03-2023,06:18:01 PM,14-03-2023,05:57:09 PM,Pimpri-Chinchwad,Easy Returns,Online
706,C091,67,2,26-04-2023,05:35:11 AM,04-05-2023,01:13:10 PM,Madurai,Quality,COD
707,C036,70,4,03-02-2023,06:17:26 AM,12-02-2023,01:04:19 AM,Tirunelveli,Ad Influence,COD
708,C002,62,3,03-03-2023,10:59:15 AM,12-03-2023,05:05:35 AM,Ozhukarai,Easy Returns,Online
709,C016,53,5,29-08-2023,04:38:05 AM,07-09-2023,05:29:15 PM,Kolkata,Brand Trust,COD
710,C087,54,5,22-05-2023,01:33:03 AM,29-05-2023,01:43:52 AM,Jalna,Quality,Online
711,C093,68,3,04-02-2023,05:15:28 PM,06-02-2023,02:50:53 PM,Tiruppur,Cashback Offers,COD
712,C057,65,5,11-07-2023,01:00:12 PM,13-07-2023,06:34:57 AM,Hazaribagh,Ad Influence,COD
713,C081,37,3,08-11-2023,11:24:22 PM,15-11-2023,10:51:21 PM,Tiruppur,Festival,COD
714,C053,63,2,01-06-2023,07:28:09 PM,03-06-2023,07:54:01 AM,Dhule,Ad Influence,Online
715,C069,38,4,14-04-2023,05:16:43 AM,21-04-2023,04:39:31 PM,Tenali,Ad Influence,Online
716,C076,40,3,19-08-2023,11:18:12 PM,26-08-2023,01:39:58 AM,Berhampore,Quality,COD
717,C059,67,5,25-06-2023,06:18:32 AM,26-06-2023,11:20:48 PM,Yamunanagar,Quality,Online
718,C028,49,1,09-02-2023,05:13:35 AM,13-02-2023,06:22:05 AM,Jabalpur,Cashback Offers,Online
719,C092,57,3,12-07-2023,07:44:51 AM,19-07-2023,01:51:24 AM,Phagwara,Ad Influence,Online
720,C045,22,5,15-12-2023,02:42:41 PM,20-12-2023,06:07:08 AM,Vellore,Ad Influence,COD
721,C022,3,5,07-02-2023,03:28:21 AM,17-02-2023,06:28:02 PM,Vasai-Virar,Cashback Offers,Online
722,C044,13,5,02-03-2023,05:30:25 PM,08-03-2023,08:06:58 AM,Mathura,Easy Returns,Online
723,C045,14,3,04-02-2023,06:00:57 PM,05-02-2023,12:57:28 AM,Mau,Ad Influence,COD
724,C059,51,1,08-04-2023,11:02:18 PM,16-04-2023,08:00:19 AM,Pallavaram,Ad Influence,COD
725,C035,35,3,06-03-2023,11:23:18 PM,11-03-2023,08:03:47 PM,Kishanganj,Easy Returns,Online
726,C044,34,2,21-08-2023,07:10:31 PM,31-08-2023,06:54:28 PM,Hindupur,Brand Trust,COD
727,C061,12,5,18-11-2023,01:37:03 AM,22-11-2023,04:22:32 PM,Anand,Quality,COD
728,C073,52,2,08-02-2023,01:45:46 PM,11-02-2023,04:07:16 PM,Panchkula,Cashback Offers,COD
729,C030,17,1,23-02-2023,06:19:53 PM,25-02-2023,11:51:19 AM,Kollam,Quality,COD
730,C097,59,1,22-08-2023,02:04:03 AM,25-08-2023,10:39:30 PM,Sangli-Miraj & Kupwad,Brand Trust,COD
731,C083,59,5,25-08-2023,12:01:20 PM,02-09-2023,11:02:31 AM,Bulandshahr,Brand Trust,COD
732,C087,1,2,16-10-2023,04:47:12 PM,21-10-2023,06:56:15 PM,Bongaigaon,Ad Influence,Online
733,C060,32,3,01-04-2023,12:51:37 AM,03-04-2023,02:26:43 AM,Ludhiana,Ad Influence,COD
734,C008,49,3,11-02-2023,11:44:37 AM,14-02-2023,09:06:06 AM,Morena,Cashback Offers,COD
735,C037,56,1,02-02-2023,07:22:26 AM,04-02-2023,05:57:58 AM,Nandyal,Quality,COD
736,C008,70,5,02-05-2023,03:47:04 AM,11-05-2023,04:38:44 AM,Ghaziabad,Ad Influence,COD
737,C068,46,5,14-09-2023,07:35:50 AM,17-09-2023,01:37:05 PM,Bhilwara,Quality,COD
738,C098,16,5,03-03-2023,04:23:38 PM,09-03-2023,01:36:32 AM,Maheshtala,Easy Returns,COD
739,C094,24,5,30-01-2023,09:43:50 AM,03-02-2023,10:33:33 AM,Berhampur,Ad Influence,Online
740,C004,56,4,07-11-2023,04:11:58 PM,12-11-2023,10:07:51 AM,Silchar,Quality,Online
741,C072,53,5,23-08-2023,12:47:09 PM,01-09-2023,09:37:19 PM,Siwan,Brand Trust,COD
742,C089,53,5,24-08-2023,07:50:07 PM,26-08-2023,03:58:06 PM,Panchkula,Brand Trust,COD
743,C045,4,2,09-11-2023,01:28:07 PM,13-11-2023,01:16:24 AM,Tiruppur,Festival,Online
744,C023,45,4,13-10-2023,05:53:21 PM,14-10-2023,08:02:05 AM,Junagadh,Ad Influence,Online
745,C052,44,1,07-11-2023,09:12:26 AM,09-11-2023,12:30:04 AM,Kolkata,Festival,Online
746,C051,35,2,02-03-2023,05:23:29 AM,06-03-2023,06:24:41 AM,Parbhani,Easy Returns,Online
747,C009,6,4,06-03-2023,03:43:24 AM,11-03-2023,04:38:35 PM,Delhi,Easy Returns,Online
748,C079,26,1,06-03-2023,11:13:52 AM,07-03-2023,08:26:40 PM,Tenali,Easy Returns,COD
749,C099,12,2,19-06-2023,01:13:17 PM,24-06-2023,03:37:13 AM,Nanded,Quality,Online
750,C022,19,3,08-02-2023,09:22:41 AM,14-02-2023,10:24:42 PM,Delhi,Cashback Offers,COD
751,C084,23,5,10-04-2023,07:12:34 AM,15-04-2023,01:52:34 AM,Gandhidham,Quality,COD
752,C034,3,5,10-02-2023,11:38:01 AM,12-02-2023,10:35:58 AM,Bally,Cashback Offers,Online
753,C045,60,1,06-11-2023,06:55:38 AM,12-11-2023,04:49:01 AM,Tinsukia,Festival,Online
754,C083,51,2,01-11-2023,08:40:33 PM,08-11-2023,10:13:13 PM,Pimpri-Chinchwad,Ad Influence,COD
755,C037,6,5,27-02-2023,04:33:26 PM,06-03-2023,02:16:52 AM,Aurangabad,Easy Returns,Online
756,C034,51,4,29-07-2023,06:25:27 PM,03-08-2023,09:56:02 AM,Buxar,Ad Influence,COD
757,C001,2,3,12-02-2023,10:23:53 AM,20-02-2023,04:40:28 AM,Shivpuri,Cashback Offers,COD
758,C043,40,5,16-10-2023,09:12:26 AM,20-10-2023,03:46:58 AM,Ajmer,Quality,Online
759,C084,48,5,02-11-2023,06:12:14 AM,11-11-2023,06:06:56 AM,Bathinda,Festival,Online
760,C043,18,1,19-09-2023,02:28:05 AM,21-09-2023,01:29:38 PM,Ghaziabad,Ad Influence,COD
761,C008,24,5,18-04-2023,03:25:13 AM,25-04-2023,11:53:46 AM,Ambala,Ad Influence,COD
762,C064,50,1,26-02-2023,10:11:19 AM,01-03-2023,03:56:20 AM,Bangalore,Easy Returns,COD
763,C070,29,4,02-03-2023,03:22:09 PM,04-03-2023,04:30:07 AM,Nellore,Easy Returns,COD
764,C039,65,3,01-11-2023,07:59:36 PM,05-08-2023,09:24:36 AM,Berhampur,Ad Influence,COD
765,C055,41,2,03-11-2023,02:37:40 AM,06-11-2023,03:52:27 AM,Ambala,Festival,COD
766,C077,1,4,02-07-2023,04:28:53 PM,07-07-2023,12:19:44 AM,Hospet,Ad Influence,COD
767,C077,13,2,03-03-2023,02:21:13 AM,04-03-2023,12:14:53 AM,Rohtak,Easy Returns,COD
768,C087,1,1,11-11-2023,06:37:41 PM,16-11-2023,12:19:42 PM,Howrah,Ad Influence,Online
769,C029,28,2,25-11-2023,09:37:39 AM,02-09-2023,08:10:20 PM,Ongole,Brand Trust,COD
770,C080,25,3,29-05-2023,12:20:57 AM,07-06-2023,09:39:12 AM,Pallavaram,Quality,Online
771,C056,9,2,26-08-2023,05:00:07 PM,01-09-2023,10:54:16 AM,Vijayanagaram,Brand Trust,Online
772,C085,35,5,01-03-2023,05:03:06 AM,04-03-2023,08:20:05 AM,Machilipatnam,Easy Returns,Online
773,C031,39,4,07-01-2023,02:11:24 AM,13-01-2023,11:47:54 PM,Karaikudi,Ad Influence,COD
774,C051,65,5,17-06-2023,09:28:21 PM,27-06-2023,03:01:20 AM,Begusarai,Ad Influence,COD
775,C077,45,1,19-02-2023,03:48:10 AM,24-02-2023,11:31:47 PM,Anand,Ad Influence,Online
776,C051,43,1,09-11-2023,07:28:54 AM,12-11-2023,09:39:04 PM,Alwar,Festival,COD
777,C016,70,3,24-02-2023,03:33:57 PM,27-02-2023,11:29:39 AM,Bhusawal,Ad Influence,Online
778,C033,61,4,10-05-2023,03:58:40 AM,13-05-2023,11:57:17 AM,Raebareli,Quality,COD
779,C052,3,1,06-02-2023,06:26:37 AM,08-02-2023,02:51:51 AM,Durgapur,Cashback Offers,COD
780,C070,33,2,10-02-2023,11:30:51 AM,13-02-2023,04:28:25 AM,Bikaner,Cashback Offers,Online
781,C084,40,2,27-09-2023,03:26:58 PM,05-10-2023,07:39:28 PM,Muzaffarnagar,Quality,Online
782,C087,22,4,18-04-2023,05:41:20 AM,26-04-2023,07:25:29 PM,Shimoga,Ad Influence,Online
783,C024,55,5,28-11-2023,04:31:27 AM,29-08-2023,05:10:51 AM,Visakhapatnam,Brand Trust,COD
784,C042,56,2,02-06-2023,08:25:52 AM,07-06-2023,06:16:19 AM,Bhalswa Jahangir Pur,Quality,COD
785,C052,47,5,26-02-2023,05:41:34 PM,01-03-2023,01:09:23 PM,Jodhpur,Easy Returns,Online
786,C003,47,1,05-03-2023,10:47:05 PM,07-03-2023,07:16:53 AM,Kirari Suleman Nagar,Easy Returns,COD
787,C069,9,1,25-11-2023,09:42:12 PM,27-08-2023,02:10:59 PM,Ambarnath,Brand Trust,Online
788,C099,53,3,24-11-2023,04:58:58 AM,27-08-2023,08:56:52 AM,Durgapur,Brand Trust,COD
789,C048,58,4,08-02-2023,06:19:36 PM,15-02-2023,08:00:31 AM,Bally,Cashback Offers,COD
790,C046,26,2,28-02-2023,06:03:29 AM,08-03-2023,04:20:38 AM,Chennai,Easy Returns,Online
791,C093,51,2,06-05-2023,02:29:51 AM,09-05-2023,06:53:48 AM,Bhubaneswar,Ad Influence,COD
792,C015,43,2,09-11-2023,07:00:56 AM,10-11-2023,05:14:12 AM,Munger,Festival,Online
793,C095,58,5,05-02-2023,05:37:16 PM,15-02-2023,01:28:17 AM,Mirzapur,Cashback Offers,Online
794,C079,13,4,04-03-2023,05:11:58 PM,09-03-2023,02:51:06 PM,Shimoga,Easy Returns,Online
795,C070,7,1,03-03-2023,05:58:36 PM,07-03-2023,10:17:46 PM,Ujjain,Easy Returns,Online
796,C002,61,4,05-05-2023,07:53:26 AM,14-05-2023,08:08:25 AM,Rajkot,Quality,Online
797,C047,13,2,03-03-2023,08:57:50 PM,10-03-2023,04:29:03 AM,Tiruvottiyur,Easy Returns,COD
798,C043,30,5,17-12-2023,05:35:18 PM,26-12-2023,01:52:09 AM,Sultan Pur Majra,Quality,Online
799,C084,32,5,22-10-2023,01:50:09 AM,01-11-2023,08:22:26 PM,Patna,Ad Influence,COD
800,C014,24,5,17-06-2023,09:50:22 PM,21-06-2023,07:12:59 AM,Machilipatnam,Ad Influence,Online
801,C058,35,1,07-03-2023,07:15:48 PM,15-03-2023,06:35:12 AM,Dindigul,Easy Returns,Online
802,C097,45,3,23-03-2023,12:37:23 PM,26-03-2023,06:19:00 AM,Dibrugarh,Ad Influence,COD
803,C040,26,1,03-03-2023,12:03:48 PM,10-03-2023,02:50:05 AM,Sambalpur,Easy Returns,COD
804,C009,3,3,05-02-2023,05:37:18 AM,07-02-2023,01:58:08 AM,Deoghar,Cashback Offers,Online
805,C028,24,3,11-06-2023,02:39:08 PM,14-06-2023,06:07:19 PM,Bareilly,Ad Influence,Online
806,C088,29,2,28-02-2023,01:01:22 PM,08-03-2023,06:38:58 AM,Jhansi,Easy Returns,COD
807,C006,40,4,29-11-2023,04:20:19 PM,09-12-2023,03:09:57 AM,Bhopal,Quality,Online
808,C002,9,2,29-11-2023,03:36:39 PM,30-08-2023,10:11:21 AM,Raurkela Industrial Township,Brand Trust,COD
809,C062,35,1,07-03-2023,07:50:47 PM,17-03-2023,01:51:34 AM,Ludhiana,Easy Returns,COD
810,C059,24,3,15-12-2023,05:57:14 AM,17-12-2023,12:05:52 PM,Delhi,Ad Influence,Online
811,C020,14,5,18-10-2023,12:04:11 PM,25-10-2023,09:55:52 PM,Bellary,Ad Influence,Online
812,C058,40,2,12-12-2023,05:19:49 PM,14-12-2023,01:28:32 AM,Ongole,Quality,COD
813,C094,32,4,19-01-2023,08:53:43 AM,23-01-2023,10:01:01 PM,Bhind,Ad Influence,Online
814,C094,47,5,05-03-2023,01:59:20 AM,14-03-2023,04:41:16 AM,Kumbakonam,Easy Returns,Online
815,C098,61,3,29-09-2023,07:08:13 AM,08-10-2023,02:46:18 PM,Bhatpara,Quality,Online
816,C042,35,3,28-02-2023,07:44:25 PM,10-03-2023,01:41:37 PM,Ujjain,Easy Returns,Online
817,C066,21,2,28-08-2023,05:37:00 AM,01-09-2023,10:05:03 PM,Jalandhar,Brand Trust,Online
818,C004,8,4,02-03-2023,07:51:06 AM,09-03-2023,09:07:41 AM,Thrissur,Quality,Online
819,C052,55,5,22-11-2023,01:05:23 PM,24-08-2023,01:32:28 AM,Kottayam,Brand Trust,COD
820,C033,64,3,22-11-2023,05:51:43 AM,26-08-2023,04:52:23 AM,Hapur,Brand Trust,COD
821,C050,32,4,27-02-2023,08:15:31 PM,07-03-2023,10:46:00 PM,Bareilly,Ad Influence,COD
822,C075,41,5,09-11-2023,03:23:06 AM,12-11-2023,04:15:17 AM,Indore,Festival,Online
823,C087,64,3,27-11-2023,03:23:25 PM,01-09-2023,02:52:40 PM,Alappuzha,Brand Trust,Online
824,C097,46,4,06-05-2023,07:56:11 AM,07-05-2023,03:23:52 PM,Muzaffarpur,Quality,Online
825,C044,25,5,30-06-2023,10:50:24 AM,01-07-2023,06:08:04 PM,Nellore,Quality,COD
826,C077,16,5,02-03-2023,08:02:07 PM,08-03-2023,06:16:18 AM,Udaipur,Easy Returns,COD
827,C086,9,1,29-11-2023,10:10:46 PM,30-08-2023,12:51:55 AM,Surendranagar Dudhrej,Brand Trust,Online
828,C044,8,3,24-10-2023,04:47:01 PM,01-11-2023,10:18:58 PM,Gwalior,Quality,Online
829,C020,42,4,19-12-2023,06:35:41 PM,26-12-2023,10:18:04 AM,Visakhapatnam,Ad Influence,COD
830,C007,46,2,12-01-2023,07:18:53 PM,15-01-2023,05:04:21 AM,Indore,Quality,Online
831,C079,56,5,24-05-2023,06:41:33 PM,03-06-2023,07:06:17 PM,Rajahmundry,Quality,COD
832,C026,65,4,01-02-2023,06:56:24 PM,10-02-2023,02:19:29 AM,Etawah,Ad Influence,COD
833,C002,26,3,05-03-2023,12:40:48 AM,13-03-2023,01:40:17 AM,Shahjahanpur,Easy Returns,COD
834,C029,60,5,03-11-2023,06:35:20 PM,12-11-2023,02:01:49 PM,Thrissur,Festival,COD
835,C089,32,2,05-07-2023,05:35:53 PM,06-07-2023,11:34:11 PM,Cuttack,Ad Influence,COD
836,C020,44,5,08-11-2023,02:36:05 AM,11-11-2023,03:11:27 AM,Tumkur,Festival,Online
837,C036,14,5,19-12-2023,12:57:12 PM,21-12-2023,12:00:36 AM,Raebareli,Ad Influence,COD
838,C003,19,3,09-02-2023,10:18:01 AM,17-02-2023,06:09:40 AM,Sirsa,Cashback Offers,COD
839,C072,51,4,02-11-2023,03:51:23 AM,12-11-2023,01:49:51 AM,Udupi,Ad Influence,Online
840,C031,67,2,13-01-2023,07:19:35 PM,16-01-2023,11:50:30 AM,Tirunelveli,Quality,Online
841,C041,26,5,07-03-2023,06:16:00 AM,12-03-2023,11:16:39 PM,Bhalswa Jahangir Pur,Easy Returns,COD
842,C085,46,2,29-12-2023,05:11:33 PM,01-01-2024,02:27:46 AM,Kulti,Quality,COD
843,C007,68,1,11-02-2023,09:46:03 PM,12-02-2023,07:27:09 PM,Bikaner,Cashback Offers,COD
844,C067,51,1,09-10-2023,07:12:55 PM,10-10-2023,09:48:27 AM,Satara,Ad Influence,COD
845,C032,57,5,17-10-2023,06:51:16 PM,25-10-2023,02:55:03 AM,Hospet,Ad Influence,Online
846,C069,15,4,28-11-2023,02:47:39 AM,02-12-2023,06:56:03 AM,Bhalswa Jahangir Pur,Quality,COD
847,C009,44,4,07-11-2023,06:10:17 PM,12-11-2023,10:21:36 AM,Bareilly,Festival,COD
848,C005,6,1,06-03-2023,04:52:57 PM,10-03-2023,10:26:48 PM,Shimla,Easy Returns,Online
849,C013,57,1,12-03-2023,01:16:48 AM,14-03-2023,12:50:03 AM,Panipat,Ad Influence,Online
850,C092,21,4,23-11-2023,11:15:17 PM,25-08-2023,10:31:01 AM,Darbhanga,Brand Trust,COD
851,C030,13,3,06-03-2023,11:31:57 AM,10-03-2023,06:17:54 PM,Singrauli,Easy Returns,COD
852,C035,44,2,11-11-2023,09:41:46 AM,14-11-2023,02:15:30 PM,Ozhukarai,Festival,COD
853,C050,51,3,17-09-2023,09:14:53 PM,23-09-2023,02:27:28 PM,Jorhat,Ad Influence,Online
854,C016,62,3,27-02-2023,02:00:33 AM,02-03-2023,02:51:29 AM,Bhind,Easy Returns,COD
855,C033,57,5,07-11-2023,11:50:11 PM,17-08-2023,08:15:43 PM,Allahabad,Ad Influence,Online
856,C077,21,2,27-11-2023,05:40:11 PM,02-09-2023,04:16:50 PM,Kanpur,Brand Trust,Online
857,C053,63,1,09-02-2023,09:22:18 AM,18-02-2023,02:00:44 PM,Bareilly,Ad Influence,Online
858,C046,44,4,08-11-2023,01:51:48 AM,09-11-2023,04:01:24 PM,Saharanpur,Festival,Online
859,C047,43,1,10-11-2023,07:06:21 AM,15-11-2023,01:46:27 AM,Varanasi,Festival,COD
860,C064,14,1,10-01-2023,07:29:59 PM,13-01-2023,01:30:30 PM,Adoni,Ad Influence,Online
861,C030,32,1,09-02-2023,08:19:31 AM,14-02-2023,02:37:34 AM,Bidar,Ad Influence,Online
862,C049,6,4,07-03-2023,05:51:14 AM,15-03-2023,08:23:47 AM,Shimoga,Easy Returns,COD
863,C099,20,3,05-06-2023,09:28:04 AM,15-06-2023,03:13:05 AM,Jehanabad,Quality,Online
864,C033,11,1,11-02-2023,07:34:22 PM,15-02-2023,08:05:38 AM,Lucknow,Cashback Offers,COD
865,C032,19,1,12-02-2023,06:09:14 PM,13-02-2023,06:38:00 AM,Kumbakonam,Cashback Offers,Online
866,C021,15,5,10-08-2023,08:06:37 PM,11-08-2023,08:02:41 AM,Medininagar,Quality,Online
867,C014,48,1,02-11-2023,12:22:06 PM,04-11-2023,05:08:47 AM,Hajipur,Festival,COD
868,C099,32,1,22-08-2023,01:01:17 AM,30-08-2023,10:09:12 AM,Anand,Ad Influence,Online
869,C032,3,5,06-02-2023,10:03:19 AM,11-02-2023,11:16:28 PM,Hazaribagh,Cashback Offers,COD
870,C018,43,5,05-11-2023,03:13:46 PM,07-11-2023,06:49:39 AM,Pallavaram,Festival,Online
871,C062,15,1,11-06-2023,06:05:30 AM,15-06-2023,08:56:56 PM,Secunderabad,Quality,COD
872,C094,13,2,05-03-2023,08:27:57 PM,10-03-2023,01:32:23 AM,Bokaro,Easy Returns,Online
873,C027,64,4,26-08-2023,10:57:00 AM,05-09-2023,03:45:27 PM,Nandyal,Brand Trust,Online
874,C010,68,1,11-02-2023,12:42:30 PM,21-02-2023,05:35:44 PM,Ramagundam,Cashback Offers,COD
875,C011,13,1,05-03-2023,09:22:31 PM,14-03-2023,07:57:46 PM,Purnia,Easy Returns,Online
876,C016,4,4,06-11-2023,09:38:36 AM,14-11-2023,08:47:44 PM,Jaunpur,Festival,Online
877,C041,46,5,09-03-2023,11:16:16 PM,18-03-2023,12:27:24 PM,Hazaribagh,Quality,COD
878,C057,4,2,10-11-2023,04:36:59 PM,19-11-2023,04:45:34 PM,Singrauli,Festival,COD
879,C092,33,2,07-02-2023,05:34:34 AM,10-02-2023,11:27:38 AM,Kishanganj,Cashback Offers,Online
880,C044,34,5,29-08-2023,10:14:26 PM,31-08-2023,04:54:50 AM,Purnia,Brand Trust,Online
881,C015,28,4,21-08-2023,03:17:42 PM,28-08-2023,12:59:45 PM,Delhi,Brand Trust,Online
882,C089,64,2,29-08-2023,05:32:40 AM,08-09-2023,04:14:53 PM,Srikakulam,Brand Trust,Online
883,C041,36,4,16-07-2023,07:44:04 PM,17-07-2023,09:03:02 PM,Shahjahanpur,Ad Influence,COD
884,C091,10,3,18-03-2023,10:15:44 PM,27-03-2023,06:59:55 PM,Tezpur,Ad Influence,COD
885,C084,42,2,17-10-2023,07:52:58 PM,21-10-2023,06:46:10 PM,Pudukkottai,Ad Influence,Online
886,C045,53,3,21-08-2023,08:23:02 AM,25-08-2023,07:52:35 PM,Nanded,Brand Trust,COD
887,C091,51,3,29-06-2023,05:20:29 PM,30-06-2023,09:55:50 AM,Visakhapatnam,Ad Influence,Online
888,C014,69,3,06-03-2023,11:34:43 AM,11-03-2023,03:14:09 PM,Gandhinagar,Easy Returns,Online
889,C050,36,3,16-08-2023,11:06:44 PM,18-08-2023,10:05:02 AM,Bangalore,Ad Influence,Online
890,C064,45,4,23-03-2023,11:25:20 PM,27-03-2023,11:38:15 AM,Kharagpur,Ad Influence,COD
891,C027,58,2,08-02-2023,02:56:43 PM,16-02-2023,11:54:45 PM,Shivpuri,Cashback Offers,Online
892,C025,11,4,06-02-2023,06:33:04 PM,07-02-2023,01:26:54 AM,Thrissur,Cashback Offers,Online
893,C010,63,3,28-03-2023,03:40:42 PM,07-04-2023,02:49:23 PM,Sangli-Miraj & Kupwad,Ad Influence,Online
894,C092,54,4,14-10-2023,02:05:43 PM,21-10-2023,11:10:21 PM,Proddatur,Quality,COD
895,C066,45,1,28-03-2023,06:45:56 PM,06-04-2023,02:53:40 AM,Sambhal,Ad Influence,COD
896,C053,46,1,05-04-2023,04:13:55 AM,10-04-2023,12:50:15 PM,Haldia,Quality,Online
897,C031,34,5,25-08-2023,07:53:21 AM,01-09-2023,02:02:50 PM,Dhule,Brand Trust,Online
898,C018,52,1,09-02-2023,06:18:52 AM,13-02-2023,11:13:42 PM,Kadapa,Cashback Offers,Online
899,C011,63,1,17-12-2023,09:29:55 PM,24-12-2023,12:16:41 AM,Bijapur,Ad Influence,COD
900,C027,57,3,07-04-2023,03:09:00 PM,15-04-2023,08:30:53 AM,Sagar,Ad Influence,COD
901,C043,27,4,22-08-2023,07:55:38 AM,27-08-2023,01:32:30 AM,Deoghar,Brand Trust,COD
902,C025,32,5,22-03-2023,01:29:55 PM,24-03-2023,12:24:01 PM,Bidar,Ad Influence,COD
903,C066,63,2,15-09-2023,05:42:23 PM,22-09-2023,07:28:38 PM,Bhusawal,Ad Influence,Online
904,C013,2,4,12-02-2023,10:05:48 PM,17-02-2023,01:05:37 AM,Mira-Bhayandar,Cashback Offers,COD
905,C080,58,1,10-02-2023,07:31:35 PM,16-02-2023,08:32:14 AM,Ichalkaranji,Cashback Offers,COD
906,C100,49,3,06-02-2023,01:16:20 AM,16-02-2023,09:14:48 AM,Jalandhar,Cashback Offers,Online
907,C046,30,2,19-04-2023,09:36:41 PM,25-04-2023,11:12:03 AM,Burhanpur,Quality,COD
908,C090,28,5,22-08-2023,03:51:25 PM,24-08-2023,10:50:08 PM,Ozhukarai,Brand Trust,Online
909,C084,42,1,04-11-2023,07:43:51 AM,08-11-2023,10:25:25 PM,Hyderabad,Ad Influence,COD
910,C066,55,4,26-08-2023,02:03:23 AM,04-09-2023,05:03:10 PM,Kamarhati,Brand Trust,Online
911,C071,22,4,23-01-2023,05:18:52 AM,28-01-2023,01:35:19 AM,Nangloi Jat,Ad Influence,Online
912,C062,9,4,29-08-2023,03:09:59 AM,06-09-2023,11:36:14 AM,Ghaziabad,Brand Trust,Online
913,C092,56,5,10-12-2023,06:39:24 PM,12-12-2023,05:37:07 AM,Bharatpur,Quality,Online
914,C048,33,4,09-02-2023,02:52:18 PM,14-02-2023,09:47:20 AM,Sambhal,Cashback Offers,Online
915,C014,35,1,06-03-2023,09:12:40 PM,14-03-2023,05:32:37 AM,Uluberia,Easy Returns,COD
916,C063,33,2,06-02-2023,04:23:09 AM,14-02-2023,09:19:24 PM,Darbhanga,Cashback Offers,Online
917,C052,12,3,24-01-2023,05:56:54 AM,29-01-2023,11:04:23 AM,Bareilly,Quality,Online
918,C083,19,2,12-02-2023,06:13:06 PM,21-02-2023,10:02:06 PM,Pali,Cashback Offers,COD
919,C038,35,5,28-02-2023,08:27:53 AM,04-03-2023,12:05:29 AM,Delhi,Easy Returns,Online
920,C026,45,1,29-06-2023,08:23:05 PM,08-07-2023,11:41:37 PM,Gorakhpur,Ad Influence,COD
921,C078,23,4,18-09-2023,01:52:40 PM,23-09-2023,07:22:26 AM,Ghaziabad,Quality,COD
922,C009,23,1,14-12-2023,09:16:24 AM,18-12-2023,08:03:37 AM,Mahbubnagar,Quality,Online
923,C034,7,4,27-02-2023,02:37:32 PM,28-02-2023,10:01:37 PM,Ahmedabad,Easy Returns,Online
924,C013,17,1,25-03-2023,09:47:09 AM,04-04-2023,10:56:05 PM,Sagar,Quality,COD
925,C012,31,1,08-01-2023,12:55:51 AM,12-01-2023,06:39:07 AM,Pallavaram,Ad Influence,Online
926,C049,40,4,28-03-2023,11:01:58 PM,31-03-2023,11:51:25 PM,Kulti,Quality,COD
927,C100,43,4,03-11-2023,06:38:15 AM,11-11-2023,05:00:17 AM,Gopalpur,Festival,COD
928,C012,23,3,19-11-2023,11:06:24 AM,27-11-2023,10:16:12 AM,Bihar Sharif,Quality,Online
929,C085,23,1,19-03-2023,07:00:52 AM,26-03-2023,01:02:32 PM,Delhi,Quality,COD
930,C083,61,3,03-06-2023,03:52:31 PM,07-06-2023,07:41:15 PM,Gangtok,Quality,COD
931,C053,14,1,17-04-2023,07:48:12 PM,19-04-2023,10:25:35 AM,Mahbubnagar,Ad Influence,COD
932,C038,63,2,29-10-2023,04:32:30 PM,02-11-2023,10:17:11 PM,Durgapur,Ad Influence,Online
933,C038,51,3,14-11-2023,12:17:01 PM,23-11-2023,02:50:02 AM,Muzaffarnagar,Ad Influence,Online
934,C022,27,5,22-08-2023,12:41:04 AM,23-08-2023,08:38:52 AM,Agartala,Brand Trust,Online
935,C046,27,5,20-08-2023,09:38:15 AM,29-08-2023,05:18:37 PM,Kurnool,Brand Trust,COD
936,C045,43,4,02-11-2023,09:26:31 PM,08-11-2023,10:03:32 AM,Bardhaman,Festival,COD
937,C097,51,2,11-03-2023,03:57:43 AM,15-03-2023,07:27:13 PM,Rohtak,Ad Influence,COD
938,C005,59,3,29-08-2023,06:12:49 PM,08-09-2023,01:17:33 AM,Ratlam,Brand Trust,Online
939,C084,9,4,20-08-2023,08:55:05 PM,21-08-2023,04:36:14 AM,Bhilai,Brand Trust,Online
940,C082,57,4,11-01-2023,11:38:25 PM,12-01-2023,04:04:53 AM,Orai,Ad Influence,Online
941,C058,18,4,19-05-2023,09:16:07 AM,22-05-2023,10:28:01 AM,Bidar,Ad Influence,COD
942,C024,51,1,23-12-2023,04:59:43 AM,26-12-2023,03:56:22 PM,Surat,Ad Influence,Online
943,C026,22,4,19-02-2023,02:27:09 PM,22-02-2023,07:05:59 PM,Narasaraopet,Ad Influence,COD
944,C024,67,4,17-11-2023,08:34:33 PM,21-11-2023,04:40:40 PM,Amravati,Quality,Online
945,C038,18,2,30-07-2023,12:00:02 PM,06-08-2023,12:44:49 PM,Raebareli,Ad Influence,Online
946,C050,17,4,02-12-2023,11:07:29 AM,09-12-2023,05:43:17 PM,Ratlam,Quality,COD
947,C100,38,3,06-10-2023,07:16:19 PM,08-10-2023,11:24:47 PM,Nadiad,Ad Influence,COD
948,C061,26,3,04-03-2023,06:21:51 PM,07-03-2023,01:11:26 PM,Dehradun,Easy Returns,COD
949,C020,6,4,27-02-2023,08:55:01 PM,06-03-2023,09:35:17 AM,Begusarai,Easy Returns,COD
950,C014,39,3,16-10-2023,07:31:00 PM,18-10-2023,09:09:20 PM,Tiruchirappalli,Ad Influence,COD
951,C024,20,1,23-11-2023,03:34:09 PM,25-11-2023,07:03:34 PM,Bongaigaon,Quality,COD
952,C027,49,4,12-02-2023,02:48:07 AM,22-02-2023,09:19:09 AM,Bidar,Cashback Offers,COD
953,C076,40,1,03-09-2023,12:26:01 AM,04-09-2023,07:33:50 AM,Varanasi,Quality,COD
954,C063,44,3,02-11-2023,04:01:43 AM,03-11-2023,06:21:01 PM,Ballia,Festival,COD
955,C015,24,4,03-06-2023,12:30:48 AM,07-06-2023,09:07:26 AM,Singrauli,Ad Influence,Online
956,C037,34,5,29-08-2023,04:52:24 AM,03-09-2023,02:53:28 PM,Sagar,Brand Trust,Online
957,C038,23,1,15-12-2023,01:56:38 AM,17-12-2023,09:07:55 PM,Kanpur,Quality,COD
958,C009,16,3,07-03-2023,02:02:57 PM,14-03-2023,10:04:41 PM,Bihar Sharif,Easy Returns,COD
959,C098,40,1,21-12-2023,01:54:46 AM,26-12-2023,09:05:45 PM,Raebareli,Quality,Online
960,C032,48,3,05-11-2023,05:25:49 AM,08-11-2023,09:56:17 AM,Nadiad,Festival,Online
961,C016,1,5,01-02-2023,06:49:28 AM,10-02-2023,08:54:38 PM,Gulbarga,Ad Influence,COD
962,C028,17,5,29-09-2023,11:55:53 AM,01-10-2023,04:15:08 PM,Kalyan-Dombivli,Quality,Online
963,C025,29,1,03-03-2023,08:44:19 AM,06-03-2023,10:36:46 AM,Phagwara,Easy Returns,Online
964,C098,32,4,19-10-2023,06:39:41 AM,23-10-2023,10:22:39 PM,Jammu,Ad Influence,Online
965,C080,62,1,02-03-2023,03:15:10 AM,06-03-2023,05:20:22 PM,Amaravati,Easy Returns,COD
966,C061,13,2,01-03-2023,02:21:06 AM,10-03-2023,10:22:53 AM,Nellore,Easy Returns,COD
967,C041,68,4,12-02-2023,12:21:23 AM,20-02-2023,06:29:48 PM,Siliguri,Cashback Offers,Online
968,C002,9,2,25-08-2023,11:55:22 PM,01-09-2023,08:24:11 PM,Jaunpur,Brand Trust,Online
969,C004,42,4,30-08-2023,10:56:34 PM,03-09-2023,03:22:59 AM,Khammam,Ad Influence,Online
970,C020,54,4,13-04-2023,03:26:33 AM,21-04-2023,09:37:17 PM,Siliguri,Quality,COD
971,C027,47,1,02-03-2023,04:02:13 AM,10-03-2023,07:17:36 PM,Sultan Pur Majra,Easy Returns,COD
972,C026,30,2,30-04-2023,01:34:34 AM,02-05-2023,05:27:14 AM,Ujjain,Quality,COD
973,C031,66,3,26-02-2023,10:35:55 AM,07-03-2023,03:46:24 AM,Barasat,Easy Returns,COD
974,C014,17,4,04-11-2023,07:16:59 PM,07-11-2023,04:11:27 PM,Pallavaram,Quality,COD
975,C077,62,2,04-03-2023,12:26:32 AM,12-03-2023,08:03:42 AM,Sultan Pur Majra,Easy Returns,COD
976,C017,17,2,19-05-2023,07:11:09 AM,20-05-2023,08:38:28 AM,Raichur,Quality,Online
977,C005,47,2,05-03-2023,12:33:31 PM,07-03-2023,11:39:44 PM,Rajpur Sonarpur,Easy Returns,Online
978,C019,29,4,28-02-2023,08:59:15 AM,09-03-2023,06:31:07 AM,Barasat,Easy Returns,COD
979,C030,9,4,28-08-2023,06:43:04 PM,31-08-2023,08:12:58 PM,Adoni,Brand Trust,Online
980,C067,12,5,21-09-2023,08:35:26 PM,30-09-2023,12:43:39 AM,Bijapur,Quality,COD
981,C014,46,2,02-04-2023,08:01:08 PM,03-04-2023,08:21:37 PM,Dehradun,Quality,Online
982,C019,47,4,28-02-2023,06:56:23 PM,04-03-2023,03:11:23 AM,Srinagar,Easy Returns,Online
983,C094,70,1,25-03-2023,09:39:44 AM,01-04-2023,06:38:43 AM,Satna,Ad Influence,Online
984,C058,65,1,03-08-2023,10:31:02 PM,07-08-2023,04:39:11 PM,Ballia,Ad Influence,Online
985,C070,31,4,05-10-2023,11:27:20 AM,13-10-2023,04:53:35 PM,Ludhiana,Ad Influence,COD
986,C086,1,2,03-11-2023,04:41:54 PM,05-11-2023,10:43:28 PM,Bally,Ad Influence,Online
987,C018,65,3,20-12-2023,09:13:17 AM,25-12-2023,04:10:09 AM,Bulandshahr,Ad Influence,Online
988,C020,4,3,10-11-2023,09:47:17 AM,15-11-2023,10:29:19 AM,Mau,Festival,COD
989,C017,52,3,06-02-2023,08:11:27 AM,15-02-2023,02:00:04 AM,Bidhannagar,Cashback Offers,Online
990,C021,42,2,04-12-2023,10:20:00 PM,08-12-2023,11:57:55 PM,Amritsar,Ad Influence,COD
991,C054,36,5,09-02-2023,03:01:12 PM,15-02-2023,05:16:56 PM,Barasat,Ad Influence,Online
992,C091,43,3,02-11-2023,02:09:04 PM,03-11-2023,07:32:39 PM,Chittoor,Festival,COD
993,C082,61,5,08-10-2023,09:34:06 PM,14-10-2023,03:55:58 PM,Kishanganj,Quality,Online
994,C004,68,2,13-02-2023,10:44:36 PM,21-02-2023,06:45:30 AM,Chandigarh,Cashback Offers,Online
995,C089,57,2,20-07-2023,12:40:38 AM,27-07-2023,11:42:03 AM,Muzaffarnagar,Ad Influence,Online
996,C077,25,5,13-05-2023,06:55:09 AM,19-05-2023,05:41:20 AM,Faridabad,Quality,Online
997,C098,19,2,04-02-2023,04:28:27 AM,10-02-2023,11:50:24 AM,Vasai-Virar,Cashback Offers,Online
998,C046,44,1,06-11-2023,04:17:11 PM,14-11-2023,04:33:25 AM,Ballia,Festival,Online
999,C054,52,2,06-02-2023,10:40:49 PM,10-02-2023,12:29:21 PM,Miryalaguda,Cashback Offers,COD
1000,C012,27,4,25-11-2023,01:22:43 AM,31-08-2023,06:57:59 AM,Tadepalligudem,Brand Trust,Online
1001,C082,15,1,21-05-2023,08:14:22 AM,24-05-2023,07:12:45 AM,Delhi,Festival,Online
1002,C005,4,2,22-04-2023,11:47:03 PM,22-04-2023,11:34:08 PM,Bangalore,Brand Trust,Online
1003,C076,36,1,23-03-2023,02:35:49 PM,31-03-2023,02:49:31 PM,Hyderabad,Ad Influence,COD
1004,C049,13,6,26-06-2023,06:12:11 AM,27-06-2023,05:27:16 AM,Delhi,Easy Returns,COD
1005,C071,38,10,05-07-2023,09:58:37 PM,07-07-2023,09:58:42 PM,Hyderabad,Ad Influence,COD
1006,C013,49,5,21-11-2023,01:23:55 PM,26-08-2023,01:16:53 PM,Hyderabad,Quality,COD
1007,C078,22,9,06-05-2023,04:41:08 AM,14-05-2023,04:43:20 AM,Mumbai,Quality,Online
1008,C099,8,4,17-01-2023,10:05:29 PM,19-01-2023,10:09:57 PM,Hyderabad,Brand Trust,Online
1009,C051,59,3,16-05-2023,07:16:44 AM,24-05-2023,08:21:14 AM,Bangalore,Cashback Offers,COD
1010,C018,66,8,16-02-2023,03:52:10 PM,20-02-2023,03:55:39 PM,Bangalore,Festival,COD
1011,C050,49,10,28-08-2023,12:09:33 AM,28-08-2023,12:04:26 AM,Hyderabad,Quality,Online
1012,C015,38,7,22-03-2023,05:27:18 PM,30-03-2023,06:18:11 PM,Delhi,Quality,Online
1013,C082,65,10,12-04-2023,08:45:56 AM,17-04-2023,09:41:02 AM,Delhi,Festival,Online
1014,C063,3,2,05-07-2023,11:11:02 PM,12-07-2023,11:57:48 PM,Bangalore,Ad Influence,COD
1015,C017,61,9,26-03-2023,02:58:41 AM,08-04-2023,02:13:35 AM,Mumbai,Quality,Online
1016,C052,48,8,22-09-2023,06:33:20 PM,29-09-2023,05:46:22 PM,Mumbai,Festival,COD
1017,C001,10,1,28-04-2023,09:04:14 AM,08-05-2023,08:32:10 AM,Hyderabad,Quality,Online
1018,C028,70,3,20-10-2023,01:49:59 PM,04-11-2023,01:59:43 PM,Delhi,Quality,Online
1019,C046,55,7,28-11-2023,04:18:27 AM,31-08-2023,04:25:17 AM,Hyderabad,Ad Influence,COD
1020,C025,25,9,18-11-2023,10:56:43 PM,26-08-2023,10:51:36 PM,Delhi,Easy Returns,COD
1021,C007,70,1,17-02-2023,07:38:12 AM,04-03-2023,07:08:29 AM,Bangalore,Ad Influence,COD
1022,C049,1,7,16-05-2023,03:07:51 PM,31-05-2023,03:47:54 PM,Mumbai,Ad Influence,COD
1023,C096,41,1,26-01-2023,12:44:26 AM,31-01-2023,12:38:15 AM,Mumbai,Ad Influence,COD
1024,C087,31,7,03-03-2023,05:15:39 PM,04-03-2023,06:05:49 PM,Hyderabad,Cashback Offers,COD
1025,C086,41,4,16-05-2023,08:29:57 AM,25-05-2023,09:23:57 AM,Delhi,Ad Influence,Online
1026,C080,13,2,03-10-2023,11:53:08 PM,07-10-2023,11:11:40 PM,Mumbai,Cashback Offers,Online
1027,C021,57,9,27-12-2023,02:21:46 PM,31-12-2023,02:56:08 PM,Hyderabad,Quality,COD
1028,C018,34,2,24-02-2023,06:40:17 AM,04-03-2023,05:14:31 AM,Hyderabad,Brand Trust,Online
1029,C065,63,5,27-01-2023,09:12:34 PM,04-02-2023,08:48:26 PM,Mumbai,Quality,Online
1030,C021,57,9,28-12-2023,01:57:03 AM,28-12-2023,01:37:52 AM,Mumbai,Festival,COD
1031,C048,19,7,07-03-2023,04:50:29 PM,08-03-2023,04:59:10 PM,Mumbai,Quality,COD
1032,C046,53,10,21-03-2023,10:22:48 AM,26-03-2023,10:27:45 AM,Hyderabad,Easy Returns,COD
1033,C035,21,2,15-07-2023,07:03:11 PM,22-07-2023,07:16:03 PM,Bangalore,Cashback Offers,Online
1034,C030,29,1,04-12-2023,03:36:55 AM,12-12-2023,03:02:28 AM,Hyderabad,Quality,Online
1035,C087,69,6,15-01-2023,12:18:40 PM,20-01-2023,12:50:36 PM,Delhi,Festival,Online
1036,C045,41,7,07-11-2023,05:48:14 AM,13-11-2023,06:41:19 AM,Bangalore,Ad Influence,COD
1037,C047,56,2,07-12-2023,08:07:59 PM,10-12-2023,09:05:47 PM,Hyderabad,Quality,Online
1038,C042,52,5,11-10-2023,11:25:36 AM,23-10-2023,11:22:14 AM,Mumbai,Festival,Online
1039,C052,1,5,27-05-2023,02:42:21 PM,06-06-2023,02:44:39 PM,Mumbai,Festival,Online
1040,C095,22,2,26-05-2023,06:59:10 AM,05-06-2023,05:58:12 AM,Mumbai,Quality,Online
1041,C029,26,3,13-01-2023,09:31:44 PM,15-01-2023,08:11:53 PM,Mumbai,Quality,Online
1042,C064,52,4,17-03-2023,01:14:58 AM,20-03-2023,01:29:26 AM,Bangalore,Ad Influence,COD
1043,C016,59,3,26-11-2023,04:27:13 PM,05-09-2023,04:36:41 PM,Bangalore,Festival,Online
1044,C021,61,8,13-05-2023,10:49:05 AM,21-05-2023,10:03:58 AM,Mumbai,Cashback Offers,Online
1045,C010,37,4,20-05-2023,07:20:38 PM,22-05-2023,07:54:22 PM,Bangalore,Quality,COD
1046,C091,28,2,01-08-2023,03:54:49 AM,15-08-2023,03:19:07 AM,Bangalore,Easy Returns,COD
1047,C098,49,8,04-01-2023,12:06:22 PM,16-01-2023,12:46:51 PM,Mumbai,Easy Returns,COD
1048,C035,56,8,15-01-2023,05:39:17 AM,27-01-2023,06:07:34 AM,Bangalore,Brand Trust,COD
1049,C051,4,2,26-11-2023,08:51:30 PM,10-12-2023,09:39:12 PM,Bangalore,Cashback Offers,COD
1050,C059,42,6,14-07-2023,11:08:46 AM,27-07-2023,11:14:25 AM,Bangalore,Ad Influence,COD
1051,C045,29,2,30-11-2023,02:17:55 PM,07-12-2023,02:08:49 PM,Mumbai,Brand Trust,COD
1052,C061,15,10,22-04-2023,06:45:01 AM,03-05-2023,05:32:16 AM,Delhi,Brand Trust,Online
1053,C014,4,5,22-10-2023,09:59:12 PM,03-11-2023,08:57:40 PM,Mumbai,Ad Influence,Online
1054,C088,16,10,22-01-2023,01:33:40 PM,02-02-2023,01:45:03 PM,Hyderabad,Ad Influence,Online
1055,C063,14,7,05-07-2023,04:11:24 AM,19-07-2023,04:21:58 AM,Mumbai,Quality,Online
1056,C079,69,8,27-11-2023,10:28:57 PM,04-09-2023,10:48:17 PM,Delhi,Cashback Offers,Online
1057,C032,60,10,09-11-2023,07:41:16 AM,09-11-2023,07:26:44 AM,Mumbai,Easy Returns,COD
1058,C046,34,6,24-05-2023,03:02:35 PM,01-06-2023,03:11:29 PM,Mumbai,Ad Influence,COD
1059,C093,53,8,12-10-2023,12:55:08 AM,27-10-2023,12:53:06 AM,Delhi,Cashback Offers,COD
1060,C052,32,5,06-12-2023,05:21:43 PM,17-12-2023,06:15:38 PM,Hyderabad,Cashback Offers,Online
1061,C035,40,5,29-04-2023,08:34:19 AM,09-05-2023,09:02:47 AM,Mumbai,Brand Trust,COD
1062,C095,62,5,29-10-2023,11:46:27 PM,01-11-2023,11:40:55 PM,Hyderabad,Brand Trust,Online
1063,C002,69,3,21-05-2023,02:08:51 PM,30-05-2023,02:31:14 PM,Bangalore,Ad Influence,COD
1064,C074,37,8,03-09-2023,06:17:04 AM,04-09-2023,05:09:27 AM,Delhi,Ad Influence,Online
1065,C063,10,10,19-11-2023,09:43:29 PM,23-11-2023,08:24:51 PM,Mumbai,Ad Influence,Online
1066,C078,29,9,14-07-2023,01:26:15 AM,23-07-2023,01:18:36 AM,Delhi,Festival,COD
1067,C098,27,4,16-05-2023,04:58:33 PM,23-05-2023,04:52:03 PM,Mumbai,Ad Influence,Online
1068,C058,61,5,17-01-2023,10:13:47 AM,26-01-2023,10:35:41 AM,Delhi,Quality,COD
1069,C034,26,7,28-02-2023,07:57:22 PM,04-03-2023,07:47:18 PM,Delhi,Ad Influence,COD
1070,C040,37,8,05-03-2023,03:19:10 AM,17-03-2023,03:06:59 AM,Bangalore,Easy Returns,COD
1071,C077,6,7,15-06-2023,12:37:54 PM,17-06-2023,12:27:43 PM,Delhi,Quality,Online
1072,C074,6,3,29-11-2023,05:04:26 AM,06-09-2023,06:54:20 AM,Bangalore,Ad Influence,Online
1073,C045,53,6,14-06-2023,08:22:41 PM,19-06-2023,09:16:58 PM,Bangalore,Cashback Offers,Online
1074,C098,5,8,15-02-2023,11:39:18 AM,18-02-2023,11:03:25 AM,Delhi,Quality,Online
1075,C053,7,4,23-09-2023,02:51:07 PM,08-10-2023,02:39:11 PM,Delhi,Brand Trust,Online
1076,C071,17,5,13-11-2023,06:08:55 AM,13-08-2023,05:21:46 AM,Mumbai,Quality,COD
1077,C040,2,9,28-07-2023,09:17:30 PM,31-07-2023,08:49:33 PM,Mumbai,Easy Returns,Online
1078,C066,35,7,05-09-2023,01:42:49 AM,09-09-2023,01:56:07 AM,Mumbai,Ad Influence,Online
1079,C099,54,6,17-09-2023,04:30:12 PM,26-09-2023,04:10:52 PM,Bangalore,Brand Trust,Online
1080,C069,62,6,20-06-2023,10:01:58 AM,02-07-2023,10:28:16 AM,Mumbai,Quality,COD
1081,C074,50,4,30-07-2023,07:24:36 PM,14-08-2023,07:33:44 PM,Bangalore,Easy Returns,COD
1082,C064,5,3,15-09-2023,03:48:05 AM,18-09-2023,03:58:21 AM,Bangalore,Ad Influence,COD
1083,C053,20,2,29-11-2023,12:15:27 PM,10-09-2023,12:14:35 PM,Hyderabad,Quality,Online
1084,C041,63,9,19-01-2023,05:56:44 AM,28-01-2023,06:43:09 AM,Bangalore,Ad Influence,COD
1085,C057,22,5,15-01-2023,08:10:39 PM,16-01-2023,09:51:26 PM,Bangalore,Brand Trust,COD
1086,C068,53,10,16-12-2023,11:32:21 AM,18-12-2023,11:19:48 AM,Mumbai,Easy Returns,COD
1087,C030,60,5,24-11-2023,02:04:53 PM,07-09-2023,02:05:57 PM,Mumbai,Ad Influence,Online
1088,C045,39,7,20-12-2023,06:51:18 AM,24-12-2023,05:37:22 AM,Bangalore,Ad Influence,COD
1089,C049,46,10,01-06-2023,09:28:47 PM,13-06-2023,08:13:50 PM,Delhi,Festival,Online
1090,C037,30,10,30-06-2023,01:11:35 AM,08-07-2023,01:42:18 AM,Mumbai,Quality,COD
1091,C081,6,5,14-11-2023,04:46:02 PM,18-08-2023,04:47:39 PM,Hyderabad,Quality,Online
1092,C023,26,3,04-10-2023,10:35:14 AM,12-10-2023,10:00:11 AM,Bangalore,Cashback Offers,Online
1093,C015,60,2,14-03-2023,07:09:56 PM,26-03-2023,07:24:56 PM,Bangalore,Ad Influence,Online
1094,C069,16,8,08-07-2023,03:25:41 AM,16-07-2023,03:15:42 AM,Hyderabad,Ad Influence,COD
1095,C061,4,10,15-10-2023,12:50:08 PM,22-10-2023,12:59:08 PM,Bangalore,Quality,Online
1096,C084,53,2,13-03-2023,05:18:29 AM,28-03-2023,06:31:17 AM,Mumbai,Easy Returns,Online
1097,C048,70,7,28-10-2023,08:43:57 PM,10-11-2023,09:08:53 PM,Bangalore,Festival,Online
1098,C036,5,6,22-04-2023,11:02:16 AM,03-05-2023,11:45:20 AM,Hyderabad,Ad Influence,Online
1099,C036,25,2,21-11-2023,02:39:48 PM,21-08-2023,02:22:34 PM,Mumbai,Brand Trust,COD
1100,C009,27,10,21-04-2023,06:26:31 AM,25-04-2023,05:50:41 AM,Mumbai,Brand Trust,Online
